"ResponseId","StartDate","EndDate","Status","IPAddress","Progress","Duration..in.seconds.","Finished","RecordedDate","LocationLatitude","LocationLongitude","DistributionChannel","UserLanguage","Age","Race","Race_other","Sex","A1","A2","A3","A4","A5","A6","B1","B2","B3","B4","B5","B6","D1","D2","D3","D4","D5","D6","G1","G2","G3","G4","G5","G6","H1","H2","H3","H4","H5","H6","I1","I2","I3","I4","I5","I6","J1","J2","J3","J4","J5","J6","K1","K2","K3","K4","K5","K6","N1","N2","N3","N4","N5","N6","O1","O2","O3","O4","O5","O6"
"R_2QVUTvHQF2MIFRc","8/10/2020 20:57","8/10/2020 21:02","IP Address","100.14.1.231",100,324,"True","8/10/2020 21:02",40.03640747,-75.22190094,"anonymous","EN",35,"East Asian,Other","Asian mixed with Hawaiian","Male",5,7,7,7,5,8,6,6,6,6,6,6,4,4,4,4,4,4,6,7,7,7,7,6,6,6,6,6,7,6,6,7,6,6,6,6,7,7,7,7,7,7,4,4,4,4,4,4,8,7,8,8,8,7,7,7,7,7,7,7
"R_sNA0Y7Wikfbjmoh","8/10/2020 14:26","8/10/2020 14:29","IP Address","100.7.25.54",100,196,"True","8/10/2020 14:29",37.51089478,-77.64289856,"anonymous","EN",54,"White","","Male",4,4,6,4,6,3,1,2,3,2,1,2,3,1,2,2,5,3,5,6,7,6,6,7,2,3,2,2,2,2,4,4,4,4,5,4,6,7,7,6,6,7,4,6,6,5,6,7,4,6,6,6,7,7,4,6,7,7,7,5
"R_3mjH4mWb8yz5oci","8/10/2020 20:06","8/10/2020 20:14","IP Address","103.104.49.153",100,465,"True","8/10/2020 20:14",8.179000854,77.43231201,"anonymous","EN",34,"South Asian","","Male",3,3,4,3,4,3,4,3,2,4,3,4,6,6,6,5,6,6,6,7,6,6,6,6,2,2,2,2,2,2,4,4,5,5,5,2,7,7,8,7,7,6,6,6,6,6,5,6,6,6,7,6,7,6,5,6,4,4,4,4
"R_1lsGctLd8WM6U9W","8/10/2020 18:18","8/10/2020 18:24","IP Address","103.110.237.214",100,397,"True","8/10/2020 18:24",11.34280396,77.72738647,"anonymous","EN",33,"South Asian","","Male",5,5,5,5,5,5,5,7,7,6,6,7,8,7,7,6,7,7,4,8,7,8,7,6,6,6,8,6,6,5,6,7,8,7,7,8,8,10,10,10,10,9,6,5,7,6,5,3,8,8,9,10,10,9,5,7,5,6,6,6
"R_3HztxfUfojAXTNT","8/11/2020 2:16","8/11/2020 2:21","IP Address","103.114.211.46",100,253,"True","8/11/2020 2:21",11.00750732,76.96710205,"anonymous","EN",29,"South Asian","","Male",7,7,7,7,7,7,7,7,7,7,7,7,7,7,7,7,7,7,7,7,7,7,7,7,7,7,7,7,7,7,7,7,7,7,7,7,10,10,10,10,10,10,7,10,10,10,10,10,7,7,10,7,10,10,7,7,7,7,7,7
"R_1LcJ6mHuqeT3n9h","8/10/2020 23:13","8/10/2020 23:19","IP Address","103.195.202.245",100,372,"True","8/10/2020 23:19",19.07479858,72.88560486,"anonymous","EN",35,"South Asian","","Female",5,5,5,4,4,4,6,5,6,5,5,5,5,5,4,6,5,6,8,8,8,9,9,8,5,6,6,6,6,5,8,7,9,8,9,8,8,7,9,9,7,9,9,8,9,7,6,7,7,7,8,6,8,6,4,3,4,3,3,3
"R_24AA1Mkw56rVHjd","8/10/2020 20:16","8/10/2020 20:24","IP Address","103.217.235.24",100,452,"True","8/10/2020 20:24",22.57580566,88.31518555,"anonymous","EN",45,"South Asian","","Male",4,3,7,5,4,4,4,5,6,5,5,5,4,7,5,6,6,8,5,7,6,6,5,8,6,8,6,8,8,6,7,8,8,8,8,8,6,8,9,8,8,9,6,7,8,7,7,8,6,7,7,7,7,8,6,5,5,6,5,6
"R_1n1s1OG3YnY9SNL","8/10/2020 22:48","8/10/2020 22:56","IP Address","103.40.197.73",100,466,"True","8/10/2020 22:56",31.22810364,75.77870178,"anonymous","EN",32,"South Asian","","Male",3,3,3,3,3,3,7,4,7,6,3,8,4,7,7,6,4,4,7,8,9,7,8,6,7,7,7,6,7,7,6,6,8,7,7,6,9,9,9,9,9,9,6,8,8,8,9,9,6,7,6,6,7,7,6,7,6,7,8,6
"R_YRBYV14tBDBc1Yl","8/10/2020 21:28","8/10/2020 21:34","IP Address","103.59.202.15",100,359,"True","8/10/2020 21:34",19.07479858,72.88560486,"anonymous","EN",27,"South Asian","","Male",6,6,6,6,6,6,3,3,3,3,3,3,3,6,6,5,3,5,5,7,7,7,5,7,5,7,7,7,6,5,6,7,7,7,7,5,8,10,10,10,10,10,4,8,8,8,8,9,6,8,8,8,8,8,2,7,7,7,7,6
"R_268Xe6r6MzlRywz","8/10/2020 23:37","8/10/2020 23:45","IP Address","103.93.105.182",100,491,"True","8/10/2020 23:45",10.95770264,78.08099365,"anonymous","EN",35,"White","","Female",2,3,2,3,2,3,2,2,2,2,2,3,6,4,6,6,4,8,4,3,4,4,3,4,2,2,2,2,2,2,2,4,3,3,3,2,6,6,3,7,6,6,3,3,4,6,4,3,4,6,4,6,8,4,4,2,2,2,2,2
"R_3GxJGD4yfddJneV","8/11/2020 2:14","8/11/2020 2:23","IP Address","103.99.150.251",100,502,"True","8/11/2020 2:23",11.00750732,76.96710205,"anonymous","EN",29,"East Asian","","Male",6,7,6,6,6,6,6,6,6,6,6,6,6,6,6,6,8,6,8,7,8,7,7,7,8,8,7,8,7,7,7,7,7,8,6,7,8,8,9,8,8,8,7,6,6,6,6,6,8,8,8,8,8,8,8,8,8,8,8,6
"R_2642vjQ1cFzV7U5","8/10/2020 13:56","8/10/2020 14:05","IP Address","104.131.66.8",100,524,"True","8/10/2020 14:05",40.83639526,-74.14029694,"anonymous","EN",31,"Black","","Female",1,3,3,3,4,4,2,4,1,3,2,3,4,6,3,7,2,6,4,8,8,3,6,8,1,4,3,8,4,2,8,7,6,1,8,7,9,8,9,9,8,9,4,4,8,3,3,3,9,4,7,9,6,4,2,2,3,2,1,2
"R_1Iplxm1UHmA3RLI","8/11/2020 0:30","8/11/2020 0:37","IP Address","104.200.151.96",100,380,"True","8/11/2020 0:37",33.44129944,-112.042099,"anonymous","EN",31,"White","","Male",7,7,7,7,7,7,6,6,6,5,6,6,4,4,4,4,4,4,4,7,7,7,7,7,5,5,5,5,5,4,4,5,5,5,5,5,7,8,8,8,8,8,6,7,7,7,7,7,6,7,6,7,6,6,6,6,6,6,6,6
"R_XBNnD0V7oSVrMpH","8/10/2020 13:54","8/10/2020 14:21","IP Address","104.33.146.30",100,1630,"True","8/10/2020 14:21",33.84190369,-117.6043015,"anonymous","EN",35,"East Asian,South Asian","","Male",4,5,6,4,5,6,2,2,2,2,2,2,3,2,3,2,2,3,5,5,5,5,5,5,5,5,5,5,5,4,7,7,7,7,7,7,7,8,7,7,7,7,7,7,7,7,7,7,6,6,6,6,6,6,3,3,3,3,3,3
"R_1EbN1N5G4mhaGju","8/10/2020 21:41","8/10/2020 21:45","IP Address","104.63.94.49",100,244,"True","8/10/2020 21:45",42.61599731,-83.92500305,"anonymous","EN",50,"White","","Male",3,3,2,3,3,3,5,5,5,5,5,5,1,1,1,1,1,2,5,5,5,5,5,5,4,6,5,4,6,4,4,4,4,6,4,5,5,5,5,5,4,5,5,5,5,5,5,5,3,3,3,3,3,4,1,2,2,1,2,2
"R_snwaFN471UoNeal","8/10/2020 19:12","8/10/2020 19:19","IP Address","106.193.128.241",100,383,"True","8/10/2020 19:19",18.52130127,73.85229492,"anonymous","EN",35,"South Asian","","Male",6,6,5,5,5,5,6,5,5,5,5,5,5,5,6,6,6,6,7,7,7,7,7,6,7,6,6,7,6,6,6,6,6,6,7,6,8,7,7,7,7,8,7,8,8,7,7,8,8,8,8,7,8,8,6,6,5,5,6,5
"R_O7izFaschTvcptn","8/10/2020 21:28","8/10/2020 21:40","IP Address","111.92.52.3",100,676,"True","8/10/2020 21:40",8.482696533,76.94790649,"anonymous","EN",34,"South Asian","","Female",7,6,7,7,7,7,2,1,1,1,0,3,3,4,3,3,3,3,5,5,6,6,6,6,0,5,5,5,5,1,6,6,6,6,6,6,9,9,9,9,9,10,10,10,10,10,10,9,7,6,7,7,8,7,2,6,4,4,4,4
"R_VXdtocffsWOigKZ","8/10/2020 19:48","8/10/2020 19:55","IP Address","117.197.180.103",100,390,"True","8/10/2020 19:55",10.96209717,79.39120483,"anonymous","EN",41,"South Asian","","Male",4,3,4,4,4,4,3,3,3,3,3,3,4,4,4,4,4,4,7,8,6,6,6,8,3,3,3,3,3,3,6,6,6,6,6,6,8,8,8,7,8,7,6,8,8,8,8,8,7,6,7,7,7,6,6,6,6,6,6,4
"R_Y9N8Big7zeb6qt3","8/10/2020 18:38","8/10/2020 18:44","IP Address","117.216.58.239",100,328,"True","8/10/2020 18:44",10.80479431,78.70480347,"anonymous","EN",40,"South Asian","","Male",6,7,7,6,6,7,4,1,1,1,1,1,5,8,7,7,7,8,6,5,5,5,6,6,6,6,6,6,5,4,3,3,3,3,3,3,10,10,10,10,10,10,8,9,9,8,9,9,8,9,8,9,9,9,5,5,6,6,5,6
"R_sbcrdRVw4Ole3nP","8/11/2020 0:47","8/11/2020 0:51","IP Address","117.221.138.18",100,240,"True","8/11/2020 0:51",11.34280396,77.72738647,"anonymous","EN",37,"South Asian","","Male",7,3,7,7,6,7,3,3,4,3,4,4,3,4,2,3,3,3,7,7,8,7,7,7,3,3,3,3,3,3,4,7,7,7,7,7,9,9,9,9,7,10,7,8,7,10,8,7,8,9,9,8,8,10,6,7,7,7,6,6
"R_BuiLCSPTpuC6HeN","8/10/2020 19:22","8/10/2020 19:45","IP Address","117.241.15.167",100,1371,"True","8/10/2020 19:45",9.449996948,77.92001343,"anonymous","EN",36,"South Asian","","Male",4,8,9,5,7,7,2,6,3,3,7,7,5,7,7,7,8,9,8,10,10,10,8,7,0,8,9,5,7,8,1,1,4,3,3,1,8,8,10,10,9,10,7,8,9,10,9,8,7,7,8,6,9,6,7,6,6,3,4,5
"R_1KwrT1x9h368kPu","8/10/2020 19:02","8/10/2020 19:09","IP Address","12.129.64.197",100,400,"True","8/10/2020 19:09",37.75100708,-97.8219986,"anonymous","EN",30,"White","","Male",6,6,7,6,7,7,4,5,4,5,5,4,5,4,4,4,5,6,7,7,7,8,7,7,5,6,6,6,5,6,6,5,5,5,5,5,6,7,8,7,8,8,6,8,8,7,7,7,6,7,8,7,7,8,6,7,7,7,8,7
"R_2PcyZMPPAFXYenI","8/10/2020 14:59","8/10/2020 15:04","IP Address","122.164.71.14",100,351,"True","8/10/2020 15:04",13.08599854,80.27508545,"anonymous","EN",32,"White","","Male",6,7,6,6,6,6,6,6,6,6,6,6,6,6,6,6,6,5,8,8,8,8,8,8,5,5,5,5,5,5,5,5,5,5,5,5,8,8,9,8,8,8,6,6,8,6,6,6,7,6,7,8,7,6,7,7,6,6,7,7
"R_1qhd0d3LxSIPHhj","8/10/2020 20:27","8/10/2020 20:34","IP Address","122.173.41.149",100,409,"True","8/10/2020 20:34",30.73660278,76.79251099,"anonymous","EN",28,"South Asian","","Male",6,6,5,6,5,6,5,4,5,5,4,6,6,6,7,6,6,6,7,8,7,6,8,7,2,4,6,5,4,4,6,7,5,6,6,6,6,9,9,9,9,9,7,7,7,7,7,8,8,7,9,7,9,7,5,5,5,5,4,6
"R_1jdnX6aVkbiiMdS","8/10/2020 19:35","8/10/2020 19:41","IP Address","122.174.148.249",100,381,"True","8/10/2020 19:41",13.08599854,80.27508545,"anonymous","EN",28,"South Asian","","Male",7,8,7,7,7,7,8,8,8,8,8,8,7,7,7,8,7,7,7,7,6,7,7,7,7,7,7,8,7,6,7,7,7,7,7,6,7,7,8,7,8,8,8,9,7,8,8,7,7,7,8,8,8,8,7,7,7,7,6,7
"R_9oDPBraPweew5fr","8/10/2020 13:59","8/10/2020 20:24","IP Address","122.174.196.172",100,23066,"True","8/10/2020 20:24",13.08599854,80.27508545,"anonymous","EN",31,"White","","Male",9,8,8,8,8,9,9,9,8,8,9,8,8,9,8,8,9,8,8,9,8,9,8,8,9,8,8,9,8,8,8,9,8,9,8,8,8,9,9,9,8,8,8,9,9,8,8,9,8,8,8,9,8,8,8,8,8,9,9,9
"R_1jTwiZmtf9AtK1s","8/10/2020 19:05","8/10/2020 19:11","IP Address","122.174.203.77",100,361,"True","8/10/2020 19:11",13.08599854,80.27508545,"anonymous","EN",50,"South Asian","","Male",5,5,5,6,5,5,8,8,8,8,8,8,6,6,6,7,6,6,8,8,8,8,8,8,5,5,5,5,5,5,9,9,9,9,9,9,6,5,5,6,6,6,4,5,4,4,5,4,9,9,9,9,9,9,4,5,4,4,4,4
"R_2pVoxJHG7yHzrDf","8/10/2020 23:39","8/10/2020 23:45","IP Address","122.183.148.161",100,416,"True","8/10/2020 23:45",9.940597534,76.26251221,"anonymous","EN",30,"White","","Male",7,7,7,7,7,7,4,4,4,7,4,4,8,7,6,6,7,6,8,7,6,6,6,8,5,6,5,5,7,7,7,7,7,7,7,7,9,6,7,9,7,9,6,5,3,4,4,6,7,8,7,8,7,8,8,4,4,4,4,8
"R_2Pckxb1FgSzhqs2","8/10/2020 19:41","8/10/2020 19:46","IP Address","124.123.185.221",100,320,"True","8/10/2020 19:46",17.38459778,78.45739746,"anonymous","EN",30,"South Asian","","Female",2,6,1,2,4,3,3,2,5,3,1,1,7,8,7,9,6,8,6,6,7,6,5,6,3,6,7,7,6,6,8,8,10,10,8,10,8,10,9,10,8,9,8,10,9,9,9,8,6,10,7,10,8,9,4,5,6,6,6,6
"R_Rk6LlzHqOVN6gAV","8/10/2020 20:40","8/10/2020 20:46","IP Address","125.99.228.210",100,312,"True","8/10/2020 20:46",12.97210693,77.59329224,"anonymous","EN",54,"South Asian","","Male",7,7,7,7,7,7,2,3,4,3,2,3,6,6,6,5,6,6,6,6,6,6,6,6,3,3,3,3,3,3,5,5,5,5,5,5,7,6,7,7,7,7,6,6,7,6,6,6,6,6,7,6,7,6,4,4,4,4,4,4
"R_2TNPPVNv1TkFvyH","8/10/2020 14:01","8/10/2020 14:05","IP Address","137.25.67.164",100,234,"True","8/10/2020 14:05",33.94360352,-117.995697,"anonymous","EN",58,"White","","Female",8,8,8,8,8,8,3,3,3,3,3,3,5,5,5,4,4,4,6,6,6,6,6,6,4,6,6,6,6,6,6,6,6,6,6,6,7,6,8,7,6,8,7,7,7,7,7,7,7,7,7,7,7,7,5,5,5,5,5,5
"R_0AIvDqvjWUEA0Br","8/10/2020 18:17","8/10/2020 18:21","IP Address","142.129.18.134",100,243,"True","8/10/2020 18:21",34.02639771,-117.9360046,"anonymous","EN",33,"East Asian","","Female",6,8,8,9,9,9,5,5,5,5,5,5,5,5,5,5,5,5,8,9,9,9,8,9,8,8,8,6,8,8,9,8,9,9,8,7,7,8,8,9,8,8,8,9,9,9,9,9,7,8,8,9,8,7,7,9,9,8,9,8
"R_1BQ2MKXHW2kbadM","8/10/2020 16:59","8/10/2020 17:07","IP Address","142.255.100.246",100,440,"True","8/10/2020 17:07",40.62080383,-74.04260254,"anonymous","EN",27,"East Asian","","Male",5,6,5,5,6,5,4,4,4,4,5,4,6,5,5,5,5,5,4,7,6,6,6,6,3,5,5,5,5,5,5,6,5,5,5,5,6,7,7,6,6,5,6,7,7,7,7,6,7,7,7,7,7,6,6,6,6,6,6,6
"R_WqiCgfI4Np51105","8/10/2020 18:27","8/10/2020 18:33","IP Address","157.41.27.54",100,363,"True","8/10/2020 18:33",20.27130127,85.83340454,"anonymous","EN",36,"South Asian","","Male",8,4,6,6,6,4,6,4,4,4,4,4,4,4,4,4,4,7,7,7,7,7,7,7,4,4,5,6,4,4,7,6,6,6,6,6,7,6,6,6,6,7,9,7,8,6,9,5,9,7,9,8,7,8,7,7,7,4,5,4
"R_2ALvrSqes9jwMMG","8/10/2020 21:23","8/10/2020 21:33","IP Address","157.46.92.217",100,595,"True","8/10/2020 21:33",13.08599854,80.27508545,"anonymous","EN",32,"South Asian","","Male",4,6,3,6,6,7,3,4,5,4,4,6,6,6,8,6,5,6,3,4,6,7,4,7,4,5,4,4,6,3,3,7,3,4,4,4,9,9,9,9,9,9,7,4,7,5,5,3,7,9,8,7,9,7,5,8,7,7,7,5
"R_3kyKQBL8pkArDfb","8/10/2020 22:19","8/10/2020 22:29","IP Address","157.49.195.250",100,602,"True","8/10/2020 22:29",12.97210693,77.59329224,"anonymous","EN",26,"South Asian","","Male",8,4,2,2,2,6,7,7,6,6,8,9,4,2,4,4,6,6,7,9,7,9,7,7,7,7,8,8,7,6,6,7,7,7,8,7,9,9,7,9,7,9,8,7,7,8,9,9,9,9,9,9,9,9,7,7,7,7,7,7
"R_2Yof2KHCJW82WnY","8/10/2020 19:33","8/10/2020 19:41","IP Address","157.49.218.155",100,465,"True","8/10/2020 19:41",12.97210693,77.59329224,"anonymous","EN",45,"South Asian","","Female",4,5,4,4,5,3,2,3,3,3,3,3,5,5,5,4,4,5,6,4,5,5,4,5,4,4,3,4,3,4,6,6,6,6,6,6,6,6,6,5,5,6,7,4,4,4,4,4,8,4,5,6,6,6,3,3,3,3,3,4
"R_2veTzelmFsUi0Jt","8/10/2020 19:14","8/10/2020 19:21","IP Address","157.50.1.201",100,412,"True","8/10/2020 19:21",13.08599854,80.27508545,"anonymous","EN",38,"South Asian","","Female",6,5,4,5,5,4,5,6,6,5,6,6,5,4,4,5,4,5,7,7,7,7,7,7,6,5,5,5,5,6,6,7,6,6,7,7,8,8,8,7,8,8,6,6,7,7,6,7,7,6,8,6,8,8,6,6,6,6,6,6
"R_e5oUvPlpkA5tpYt","8/10/2020 20:05","8/10/2020 20:11","IP Address","157.50.121.204",100,335,"True","8/10/2020 20:11",13.08599854,80.27508545,"anonymous","EN",34,"South Asian","","Female",3,3,3,3,3,3,3,3,3,4,3,4,3,3,4,3,3,3,6,7,6,6,4,4,3,2,4,3,2,2,5,5,5,5,5,5,6,6,6,6,6,6,6,6,6,6,6,6,7,7,7,7,7,6,4,4,4,4,4,4
"R_3EJSIxHRl8PhkGx","8/10/2020 18:23","8/10/2020 18:30","IP Address","157.50.142.45",100,440,"True","8/10/2020 18:30",13.08599854,80.27508545,"anonymous","EN",32,"South Asian","","Male",3,3,3,3,4,3,2,2,2,2,2,2,4,4,4,4,4,4,8,8,8,8,8,8,1,1,1,1,1,1,6,6,6,6,6,6,7,8,8,8,8,8,7,8,8,7,7,7,7,8,8,8,8,8,6,6,6,6,7,7
"R_cZPwdYRF32GxjPP","8/10/2020 23:28","8/10/2020 23:34","IP Address","157.50.62.112",100,378,"True","8/10/2020 23:34",13.08599854,80.27508545,"anonymous","EN",30,"South Asian","","Male",4,3,2,1,2,1,2,2,3,2,4,4,2,4,1,1,2,2,6,6,6,5,2,3,1,3,3,2,6,2,2,1,2,2,1,1,3,4,8,8,8,7,4,4,6,6,6,2,3,3,6,8,9,7,0,4,2,1,4,3
"R_BrjePoOvDAugA7f","8/10/2020 14:47","8/10/2020 14:56","IP Address","157.50.74.109",100,566,"True","8/10/2020 14:56",13.08599854,80.27508545,"anonymous","EN",27,"South Asian","","Male",5,6,4,2,4,3,6,6,6,6,5,6,6,3,5,2,2,4,6,7,7,7,7,7,3,4,4,4,4,2,5,6,5,6,4,4,7,5,6,6,6,7,5,4,6,4,5,3,8,8,9,8,8,8,7,7,7,5,8,5
"R_1g7nxwKizoIBHS6","8/10/2020 13:53","8/10/2020 13:57","IP Address","158.222.234.28",100,218,"True","8/10/2020 13:57",40.66430664,-73.9763031,"anonymous","EN",49,"White","","Male",6,5,6,5,5,6,4,4,5,3,4,5,3,4,3,2,4,2,6,7,6,6,5,7,4,5,4,4,5,4,4,5,5,5,6,5,6,8,7,7,8,8,4,6,7,6,6,7,5,4,5,5,5,5,5,5,5,5,5,5
"R_1hYJjNPLhFzNCo3","8/10/2020 15:13","8/10/2020 15:17","IP Address","159.250.48.144",100,239,"True","8/10/2020 15:17",40.06460571,-79.77559662,"anonymous","EN",60,"White","","Male",5,2,3,4,4,4,3,4,4,4,1,4,1,0,1,0,0,0,6,6,6,7,6,6,6,6,6,6,6,4,6,6,6,6,6,6,7,8,8,8,8,9,5,6,6,6,5,4,5,5,5,5,5,4,2,2,2,1,2,1
"R_1omPonK0wAmQwWN","8/10/2020 23:39","8/10/2020 23:44","IP Address","162.216.142.62",100,325,"True","8/10/2020 23:44",11.00750732,76.96710205,"anonymous","EN",36,"South Asian","","Male",4,6,4,8,4,5,4,4,6,3,4,6,9,6,7,6,6,6,4,4,6,7,4,6,6,6,3,3,4,3,4,4,7,4,7,4,7,9,8,7,9,8,4,4,6,4,4,8,8,7,8,8,4,6,7,4,4,4,4,4
"R_D8WUT0mv1Jn1Pxv","8/10/2020 18:54","8/10/2020 19:01","IP Address","171.49.171.58",100,363,"True","8/10/2020 19:01",13.08599854,80.27508545,"anonymous","EN",35,"South Asian","","Female",4,4,7,6,4,6,4,4,4,4,4,4,4,6,7,6,6,9,4,6,4,6,4,6,4,4,4,6,4,6,4,8,6,6,6,6,9,9,8,9,9,9,4,4,4,4,4,4,8,6,7,4,7,4,4,4,4,4,4,4
"R_1QJDHFRg2cPWCmJ","8/10/2020 19:12","8/10/2020 19:18","IP Address","171.61.227.145",100,317,"True","8/10/2020 19:18",13.08599854,80.27508545,"anonymous","EN",39,"South Asian","","Female",8,7,8,8,8,8,8,8,8,8,8,8,8,8,8,8,8,8,8,8,8,8,8,9,8,8,8,8,8,8,8,8,8,8,8,8,9,9,9,9,9,9,9,8,9,9,9,8,9,9,9,9,9,8,9,9,9,9,9,8
"R_DSl1M2IlqXmYKQ1","8/10/2020 20:19","8/10/2020 20:25","IP Address","171.61.227.235",100,368,"True","8/10/2020 20:25",13.08599854,80.27508545,"anonymous","EN",24,"South Asian","","Male",8,4,6,4,7,7,7,2,8,2,2,2,7,6,8,8,6,9,7,8,6,7,6,8,7,6,7,7,9,4,8,7,6,6,6,6,6,7,8,8,7,4,8,8,6,6,7,8,7,6,7,8,4,7,7,4,6,8,7,4
"R_z0ViHbuzKhnEVLr","8/10/2020 19:13","8/10/2020 19:21","IP Address","171.61.227.239",100,491,"True","8/10/2020 19:21",13.08599854,80.27508545,"anonymous","EN",35,"South Asian","","Female",4,7,8,6,8,8,6,7,4,4,4,4,6,7,6,7,6,7,6,7,7,6,7,6,2,2,3,3,2,3,6,4,6,6,6,6,9,9,9,9,9,7,7,9,6,7,9,7,7,8,6,9,9,6,6,7,4,4,7,7
"R_2QnUAKUcHhOhjXv","8/10/2020 19:13","8/10/2020 19:23","IP Address","171.61.229.235",100,643,"True","8/10/2020 19:23",13.08599854,80.27508545,"anonymous","EN",35,"South Asian","","Male",8,7,7,8,8,7,8,8,8,8,8,7,8,8,8,8,8,8,9,9,8,8,8,8,6,6,7,6,6,6,7,8,6,7,8,7,8,7,8,9,9,9,9,8,9,8,9,6,8,8,8,9,8,8,8,7,6,8,8,8
"R_2t54U3AM2czGXRx","8/10/2020 19:34","8/10/2020 19:40","IP Address","171.61.231.252",100,370,"True","8/10/2020 19:40",13.08599854,80.27508545,"anonymous","EN",35,"South Asian","","Male",7,8,9,8,9,8,8,7,8,9,9,8,9,8,9,8,9,7,7,8,8,8,8,8,6,6,8,6,6,7,9,8,8,9,7,8,8,8,9,7,8,9,8,8,8,7,8,8,9,9,9,9,9,8,9,8,8,8,8,8
"R_2S2DTURD6QYUATf","8/11/2020 2:29","8/11/2020 2:34","IP Address","172.3.74.17",100,309,"True","8/11/2020 2:34",37.67520142,-120.9465027,"anonymous","EN",29,"White","","Female",7,6,7,7,4,9,0,0,0,0,0,0,1,1,1,2,1,2,0,0,0,0,0,0,0,0,0,0,0,0,0,0,0,0,0,0,7,7,6,7,7,7,7,6,7,6,6,6,8,8,8,8,9,8,0,0,0,0,0,0
"R_2ypXbGuesQNe4ti","8/10/2020 15:56","8/10/2020 16:03","IP Address","172.56.11.122",100,446,"True","8/10/2020 16:03",42.42480469,-83.19509888,"anonymous","EN",39,"Black","","Female",4,5,4,5,4,4,4,4,4,4,4,4,4,4,4,5,4,4,6,7,7,7,6,7,4,4,4,4,4,4,4,4,4,4,5,4,5,5,5,5,5,5,5,6,5,5,6,5,5,5,5,5,5,5,4,5,5,4,5,5
"R_d5dNE7Uuf0NOUhP","8/10/2020 13:48","8/10/2020 13:54","IP Address","172.58.23.226",100,382,"True","8/10/2020 13:54",33.81599426,-117.9692001,"anonymous","EN",44,"East Asian","","Male",6,7,6,6,7,7,6,6,6,6,6,6,6,6,6,6,6,6,8,8,8,8,8,7,6,6,6,6,6,6,7,7,7,7,7,6,8,8,8,8,8,9,8,8,9,8,8,7,7,8,8,8,8,8,6,6,6,6,6,6
"R_3PtxlSqTQrYUVrB","8/10/2020 23:58","8/11/2020 0:01","IP Address","173.16.56.81",100,179,"True","8/11/2020 0:01",43.04260254,-91.11930084,"anonymous","EN",28,"White","","Male",8,8,8,8,8,8,2,2,2,2,1,2,2,3,4,4,4,3,4,3,3,4,2,3,2,2,3,2,3,2,2,5,2,3,3,2,6,6,7,6,6,7,8,8,8,8,8,8,7,8,7,8,8,7,6,3,6,4,4,4
"R_OuTws5RBbifns3f","8/10/2020 13:48","8/10/2020 13:53","IP Address","173.187.58.39",100,323,"True","8/10/2020 13:53",35.86839294,-80.31500244,"anonymous","EN",32,"White","","Male",5,5,6,6,4,6,3,4,5,3,2,5,5,3,2,2,2,2,7,8,7,7,7,7,5,7,8,6,7,6,4,5,5,5,6,4,6,5,5,5,5,6,5,6,8,6,6,5,6,6,6,7,6,6,5,5,3,5,5,5
"R_0MS2mJrnh0Zmc1z","8/10/2020 14:01","8/10/2020 14:05","IP Address","173.63.141.147",100,289,"True","8/10/2020 14:05",41.06309509,-74.14369965,"anonymous","EN",40,"White","","Female",4,2,4,2,6,4,1,1,1,1,1,1,2,1,1,1,1,1,3,6,3,6,3,3,0,0,0,0,0,0,1,1,1,1,1,1,2,3,3,3,3,4,3,2,4,2,2,2,5,4,4,6,5,4,6,5,5,5,4,5
"R_2PiAj0SUu7p0fj8","8/10/2020 18:39","8/10/2020 18:45","IP Address","173.80.140.146",100,375,"True","8/10/2020 18:45",38.42030334,-81.99469757,"anonymous","EN",36,"White","","Female",3,6,7,6,6,4,6,7,7,4,7,7,7,6,6,8,7,4,4,8,8,4,8,8,8,7,6,6,6,4,8,8,7,8,8,8,7,7,6,6,6,8,7,7,9,7,7,7,6,7,8,8,8,8,8,8,7,3,7,7
"R_3O6tvkcwFSXjMYB","8/10/2020 18:20","8/10/2020 18:27","IP Address","173.88.8.208",100,447,"True","8/10/2020 18:27",40.74159241,-84.15219879,"anonymous","EN",60,"White","","Female",6,4,2,4,4,4,2,4,4,4,2,2,3,2,1,2,2,2,4,6,4,6,6,4,7,6,6,6,7,7,2,6,5,7,5,1,7,8,7,7,8,8,8,8,7,8,8,7,6,7,6,7,8,7,2,2,2,2,2,2
"R_1rGLiDjiIqFV5KZ","8/10/2020 17:47","8/10/2020 17:52","IP Address","174.100.231.122",100,317,"True","8/10/2020 17:52",39.90460205,-82.97029877,"anonymous","EN",40,"White","","Male",4,3,4,3,3,3,1,1,1,1,1,1,2,2,2,2,2,2,4,4,4,4,4,4,4,4,4,4,4,4,2,2,2,2,2,2,4,6,6,6,6,6,5,5,5,5,5,5,5,4,6,5,5,5,4,4,5,4,4,4
"R_9tYnCxTIMXf3rPP","8/10/2020 18:40","8/10/2020 18:43","IP Address","174.106.136.64",100,184,"True","8/10/2020 18:43",34.43440247,-77.92340088,"anonymous","EN",50,"White","","Female",7,6,7,7,7,7,2,3,4,4,4,3,2,3,3,2,2,2,8,8,8,8,8,8,3,3,3,3,3,4,4,5,5,5,5,4,8,8,8,8,8,8,7,7,8,7,7,7,7,7,7,8,8,7,3,4,3,4,4,3
"R_2mposcdAIFcJx2V","8/10/2020 13:58","8/10/2020 14:02","IP Address","174.126.143.151",100,278,"True","8/10/2020 14:02",33.479599,-88.35279846,"anonymous","EN",44,"White","","Female",4,8,5,4,6,5,4,3,4,2,5,4,3,2,2,3,4,4,4,6,8,7,4,7,3,3,3,2,3,1,5,6,6,6,5,3,7,8,6,6,7,6,3,7,6,7,6,6,4,7,6,7,6,6,7,6,6,7,6,5
"R_RJq56wsdgqQkxt7","8/10/2020 14:08","8/10/2020 14:15","IP Address","174.128.250.18",100,388,"True","8/10/2020 14:15",39.75010681,-104.995697,"anonymous","EN",37,"White,East Asian","","Female",5,6,6,6,6,6,4,4,6,5,5,7,3,5,7,6,4,6,6,6,6,7,7,8,2,2,2,1,2,1,3,4,4,6,6,4,6,6,6,6,7,6,6,6,7,6,7,6,7,6,7,7,7,7,4,5,5,5,5,5
"R_28NZRiY62IRtSkv","8/10/2020 14:12","8/10/2020 14:16","IP Address","174.86.63.194",100,262,"True","8/10/2020 14:16",38.57589722,-90.51670074,"anonymous","EN",33,"White","","Male",8,8,9,8,9,9,3,4,4,4,4,3,5,4,5,5,5,5,8,9,9,9,8,9,6,5,6,6,6,5,3,4,4,5,5,3,10,9,9,10,10,10,7,7,8,8,8,7,8,9,8,8,7,9,7,8,8,8,8,8
"R_31sDHkdv5gyfskA","8/10/2020 18:51","8/10/2020 18:56","IP Address","174.97.184.89",100,304,"True","8/10/2020 18:56",44.43710327,-88.07949829,"anonymous","EN",69,"White","","Male",6,5,5,5,5,6,2,2,2,3,3,3,4,4,5,3,3,4,5,6,5,5,4,5,6,5,6,6,6,6,6,6,5,5,5,5,6,7,6,7,7,8,6,5,6,5,5,6,6,5,5,5,6,6,3,3,4,3,4,3
"R_1ZkTalzR2k1NVmN","8/10/2020 18:20","8/10/2020 18:26","IP Address","183.83.255.205",100,387,"True","8/10/2020 18:26",17.68009949,83.20159912,"anonymous","EN",34,"South Asian","","Female",3,3,3,3,3,3,2,2,3,2,2,2,4,4,4,4,4,5,6,6,6,6,6,6,2,2,2,2,2,2,7,7,6,7,7,7,7,7,7,7,7,7,8,8,8,8,8,8,6,6,6,6,6,6,2,3,2,2,3,3
"R_bmDOggdEY5b31uN","8/10/2020 14:34","8/10/2020 14:42","IP Address","184.16.96.179",100,435,"True","8/10/2020 14:42",41.14680481,-85.20670319,"anonymous","EN",41,"White,East Asian","","Female",5,6,6,7,8,7,2,3,4,3,3,4,3,3,2,3,3,4,6,6,4,7,5,8,2,4,4,5,4,3,4,4,4,5,5,4,5,6,6,8,7,7,3,5,7,6,6,5,4,5,4,5,5,5,5,5,4,4,4,4
"R_12nbzdTGePomd6r","8/10/2020 14:02","8/10/2020 14:07","IP Address","208.186.119.162",100,290,"True","8/10/2020 14:07",38.94880676,-104.7677002,"anonymous","EN",32,"White","","Male",6,6,7,5,7,7,4,6,5,5,4,5,4,3,2,3,3,4,6,7,7,7,7,7,4,6,5,5,5,5,4,5,5,5,6,5,6,6,6,7,7,6,7,9,8,8,8,8,5,8,8,8,9,8,4,6,5,5,6,5
"R_1C4v9Zz01ATZVE8","8/10/2020 19:11","8/10/2020 19:17","IP Address","209.6.244.79",100,359,"True","8/10/2020 19:17",42.27960205,-71.12819672,"anonymous","EN",46,"White","","Male",7,7,7,7,4,6,5,6,6,7,7,6,4,6,3,4,4,5,7,7,7,6,7,7,4,4,6,4,5,4,4,4,6,4,4,4,9,9,7,8,8,8,8,7,8,8,7,7,7,7,6,6,8,6,7,6,6,4,4,4
"R_3Mum6VFhRPiRcqc","8/10/2020 18:52","8/10/2020 18:56","IP Address","216.164.112.118",100,225,"True","8/10/2020 18:56",40.69859314,-75.48339844,"anonymous","EN",36,"White","","Male",6,7,7,7,7,7,1,1,1,1,1,2,3,3,3,3,3,3,4,4,4,4,4,4,2,2,2,3,3,2,2,2,2,2,2,2,8,7,8,7,8,8,6,6,7,7,6,7,7,6,7,7,7,6,4,4,4,4,4,4
"R_21udxgDUwA2Qlpv","8/10/2020 14:10","8/10/2020 14:15","IP Address","216.75.125.170",100,271,"True","8/10/2020 14:15",41.82200623,-103.6629028,"anonymous","EN",28,"White","","Male",6,6,6,6,6,6,1,2,2,1,2,2,5,2,2,3,4,4,3,3,4,3,3,4,2,2,1,2,2,2,2,3,3,3,3,3,8,7,5,5,7,7,5,6,6,6,4,7,7,3,8,8,6,7,2,3,3,2,3,3
"R_322NWaZELIiXShA","8/10/2020 18:47","8/10/2020 18:55","IP Address","223.181.209.85",100,442,"True","8/10/2020 18:55",11.00750732,76.96710205,"anonymous","EN",26,"South Asian","","Female",9,9,9,9,9,8,9,9,9,9,9,9,9,9,9,9,9,9,9,9,9,9,8,9,9,9,9,9,9,7,9,9,9,9,9,8,9,8,9,9,9,8,8,8,8,8,6,8,9,9,9,6,9,9,9,9,9,9,9,9
"R_2WCjALfoV9CBjPg","8/10/2020 20:34","8/10/2020 20:48","IP Address","223.238.10.184",100,867,"True","8/10/2020 20:48",13.64100647,79.42098999,"anonymous","EN",45,"South Asian","","Male",2,2,1,2,2,1,6,6,6,6,6,6,4,4,4,4,4,4,4,3,4,4,4,4,7,7,7,7,7,7,7,6,6,6,6,6,7,8,9,9,9,8,7,8,8,8,6,6,8,8,8,8,8,8,3,3,3,3,3,3
"R_2dmZrLw6ynEMwDW","8/10/2020 18:27","8/10/2020 18:34","IP Address","223.238.35.197",100,458,"True","8/10/2020 18:34",16.50740051,80.64660645,"anonymous","EN",37,"South Asian","","Male",4,4,4,4,4,4,3,3,3,3,3,3,5,5,5,5,5,5,6,6,6,6,6,6,1,1,1,1,1,1,8,8,8,8,8,8,8,8,8,8,8,8,9,9,9,9,9,9,7,7,7,7,6,6,3,3,3,3,3,3
"R_31SGF7j9ZRmyjUk","8/10/2020 16:20","8/10/2020 16:26","IP Address","23.127.73.136",100,358,"True","8/10/2020 16:26",30.24229431,-97.76719666,"anonymous","EN",48,"White","","Female",3,3,3,3,4,3,2,2,2,2,2,2,2,2,2,1,1,2,4,5,6,6,6,6,3,4,3,2,2,3,3,4,4,4,3,3,7,7,7,7,7,7,4,4,4,4,5,5,5,5,5,6,6,6,3,3,2,3,3,3
"R_3KAvK77yLQDm28u","8/10/2020 21:03","8/10/2020 21:16","IP Address","24.127.157.111",100,816,"True","8/10/2020 21:16",42.68299866,-83.38800049,"anonymous","EN",39,"White","","Male",4,5,7,6,6,7,3,2,3,2,1,2,3,4,3,4,4,3,5,5,4,4,4,4,5,6,5,5,7,5,6,6,5,5,5,5,8,7,8,7,7,7,5,8,8,7,7,7,5,5,6,5,6,6,5,3,5,4,4,4
"R_1lm0NTcnh93KpQ4","8/10/2020 15:51","8/10/2020 15:55","IP Address","24.131.146.76",100,241,"True","8/10/2020 15:55",44.99980164,-93.39299774,"anonymous","EN",39,"White","","Male",5,5,6,5,5,5,4,4,4,3,4,4,4,4,4,4,3,4,5,5,6,5,5,5,5,4,6,5,5,4,5,6,5,6,6,5,5,4,4,4,4,4,4,4,4,4,5,3,5,5,5,5,5,6,4,4,4,4,4,4
"R_2l7O8KHPhxqMD0l","8/10/2020 20:08","8/10/2020 20:14","IP Address","24.167.160.145",100,317,"True","8/10/2020 20:14",36.03219604,-79.8588028,"anonymous","EN",68,"White","","Female",5,7,7,7,7,7,5,5,6,6,6,6,6,6,6,6,6,6,7,8,8,8,8,8,7,7,7,7,7,6,7,7,7,7,7,7,7,8,8,8,8,8,7,8,8,8,7,7,7,7,7,7,7,7,6,6,7,6,7,7
"R_3m4Y0YuSEJH507F","8/10/2020 14:00","8/10/2020 14:05","IP Address","24.171.75.95",100,290,"True","8/10/2020 14:05",38.3170929,-88.91369629,"anonymous","EN",40,"White","","Male",6,5,5,3,7,5,3,7,6,3,3,3,6,7,3,1,3,4,1,6,5,4,4,4,4,4,4,5,4,4,3,7,6,5,6,5,6,8,8,4,7,7,3,7,6,7,6,6,2,6,6,7,6,7,6,3,4,3,4,4
"R_31LYuKszzCrDTg7","8/10/2020 14:08","8/10/2020 14:11","IP Address","24.18.153.117",100,236,"True","8/10/2020 14:11",47.32359314,-122.3186951,"anonymous","EN",30,"White","","Male",4,4,4,5,5,5,4,3,3,3,3,3,3,3,3,3,3,3,4,5,4,4,4,4,3,4,4,4,4,4,4,4,4,4,4,4,6,6,6,6,6,6,4,5,6,4,5,5,7,8,7,8,8,8,5,5,5,4,4,4
"R_2BgJvTrlahHWmGZ","8/10/2020 18:15","8/10/2020 18:21","IP Address","24.225.114.170",100,400,"True","8/10/2020 18:21",48.70480347,-95.75039673,"anonymous","EN",40,"White","","Male",6,6,5,5,6,6,1,2,1,1,1,1,1,1,1,1,1,1,3,3,3,3,3,2,1,1,1,1,1,0,2,1,2,1,2,2,8,8,8,8,8,8,6,5,6,6,6,6,6,5,6,6,5,5,2,3,3,3,2,3
"R_1dHbwXnEBn2ZmpV","8/10/2020 14:41","8/10/2020 14:45","IP Address","24.233.108.39",100,221,"True","8/10/2020 14:45",43.28739929,-71.33519745,"anonymous","EN",43,"White","","Male",4,4,4,4,4,4,4,5,4,5,4,4,2,2,2,2,2,2,8,6,6,6,6,6,5,6,6,6,6,6,5,6,6,6,5,5,8,8,8,8,8,8,5,5,5,5,6,6,4,6,5,6,6,5,4,4,4,4,4,5
"R_2ykKU6BBdhMYhDA","8/10/2020 14:08","8/10/2020 14:14","IP Address","24.24.154.168",100,356,"True","8/10/2020 14:14",34.20030212,-118.4044952,"anonymous","EN",57,"White","","Female",7,7,7,6,7,7,5,5,5,5,6,5,5,5,5,5,5,5,8,9,9,8,8,8,7,7,6,7,7,3,5,5,5,5,5,6,8,8,8,8,8,8,7,7,7,8,7,7,7,7,7,5,6,5,6,5,6,6,8,7
"R_2w4x11MsWbr99U3","8/10/2020 15:37","8/10/2020 15:44","IP Address","24.35.178.171",100,416,"True","8/10/2020 15:44",34.85040283,-92.4088974,"anonymous","EN",30,"White","","Male",6,8,8,7,8,7,4,6,6,4,5,6,3,2,3,2,3,4,7,7,8,7,7,7,6,5,5,5,5,4,6,6,6,5,5,4,8,7,7,7,6,8,6,7,8,7,7,7,6,6,7,7,7,6,6,6,6,6,6,5
"R_3g0e90YEQbD53AU","8/10/2020 15:02","8/10/2020 15:07","IP Address","24.88.2.202",100,289,"True","8/10/2020 15:07",36.50019836,-80.61630249,"anonymous","EN",40,"Black","","Female",3,6,4,6,7,6,2,2,4,4,1,5,1,1,0,2,0,0,7,6,5,7,4,5,0,0,0,0,0,0,6,5,5,5,5,5,6,6,8,7,7,5,4,5,7,7,5,4,3,4,5,6,5,3,6,9,6,6,8,8
"R_qJTcyuqK6M0VQc1","8/10/2020 14:46","8/10/2020 14:52","IP Address","24.89.22.190",100,338,"True","8/10/2020 14:52",39.6342926,-77.73370361,"anonymous","EN",29,"White","","Male",4,6,6,5,5,6,4,5,6,2,6,7,4,3,3,3,4,4,7,8,8,7,7,7,6,6,5,4,6,3,4,7,4,4,6,4,6,6,6,7,8,7,5,8,7,6,7,7,7,8,7,7,7,7,5,5,7,5,6,7
"R_22VURxJbWwidSgO","8/10/2020 14:00","8/10/2020 14:06","IP Address","24.91.180.31",100,323,"True","8/10/2020 14:06",42.06900024,-72.6760025,"anonymous","EN",41,"White","","Female",6,6,4,5,6,6,5,5,5,5,5,5,4,4,4,4,4,4,7,7,7,7,7,7,5,5,5,5,5,5,4,4,4,4,4,4,8,8,8,8,8,8,7,7,7,7,7,7,5,5,5,7,5,5,5,4,4,5,5,5
"R_2DN5zD0UlZdvKHx","8/10/2020 14:36","8/10/2020 14:40","IP Address","24.98.115.208",100,247,"True","8/10/2020 14:40",33.24060059,-84.27130127,"anonymous","EN",33,"Black","","Male",5,5,5,4,5,5,3,2,3,3,2,2,4,3,4,4,3,4,3,3,3,3,3,4,1,3,3,3,1,1,3,3,3,3,3,3,6,5,6,7,7,6,6,6,7,6,6,6,5,6,6,6,7,5,3,3,2,3,2,3
"R_bj866uo66iOct45","8/10/2020 14:00","8/10/2020 14:06","IP Address","35.136.195.181",100,371,"True","8/10/2020 14:06",28.99380493,-82.42410278,"anonymous","EN",47,"White,East Asian","","Male",7,6,6,6,6,8,2,2,2,2,2,3,5,5,5,5,5,4,3,3,4,3,3,3,3,3,3,3,3,2,4,4,4,4,4,4,8,7,8,7,8,8,6,6,6,6,6,6,6,6,5,6,7,6,3,4,4,4,4,4
"R_2qqJZZr4XWf4CQ1","8/10/2020 16:17","8/10/2020 16:26","IP Address","38.126.71.6",100,511,"True","8/10/2020 16:26",45.52879333,-122.6820984,"anonymous","EN",41,"White","","Male",3,4,5,4,2,3,2,2,2,3,2,4,3,3,3,3,3,3,7,7,7,7,7,7,5,5,5,5,5,5,6,6,6,6,6,6,6,8,8,8,8,8,8,10,8,8,8,8,5,5,5,5,5,5,7,7,7,7,7,7
"R_z39edv1Ln7gT6jn","8/10/2020 14:12","8/10/2020 14:17","IP Address","40.133.173.75",100,306,"True","8/10/2020 14:17",41.37219238,-82.10870361,"anonymous","EN",30,"White","","Female",6,6,6,7,6,7,6,5,6,6,6,6,2,3,3,3,3,2,7,6,7,7,7,7,5,6,7,5,5,5,5,7,6,5,6,6,7,7,7,7,7,7,7,7,7,7,6,6,7,7,7,7,7,7,7,6,6,6,7,7
"R_3GivLf6cd08LOtg","8/10/2020 21:42","8/10/2020 21:52","IP Address","42.106.184.218",100,615,"True","8/10/2020 21:52",11.65379333,78.15539551,"anonymous","EN",37,"South Asian","","Male",6,6,6,4,4,4,3,6,6,6,6,6,5,4,4,4,4,8,7,7,7,8,7,7,2,6,1,2,2,3,2,2,2,2,2,2,10,10,10,10,10,9,9,8,8,7,7,8,8,6,9,4,7,6,3,2,2,3,2,3
"R_d10MGEYMq3bEc6Z","8/10/2020 18:51","8/10/2020 18:58","IP Address","42.109.135.47",100,429,"True","8/10/2020 18:58",13.08599854,80.27508545,"anonymous","EN",34,"South Asian","","Male",4,5,4,4,4,4,2,2,2,2,4,2,5,5,5,5,5,5,5,5,7,6,6,6,5,6,6,6,6,4,6,6,6,6,6,6,9,10,10,10,10,10,8,8,9,8,9,9,8,7,8,8,8,9,7,6,7,7,6,7
"R_2vY9xppJOzrTsoS","8/10/2020 19:52","8/10/2020 20:07","IP Address","42.109.138.9",100,870,"True","8/10/2020 20:07",10.80479431,78.70480347,"anonymous","EN",29,"South Asian","","Male",5,5,6,6,3,3,3,3,3,3,3,4,2,2,3,2,2,2,6,6,7,6,6,6,3,3,3,3,4,2,6,6,6,6,6,6,7,6,6,6,6,6,6,6,6,6,5,6,6,4,6,6,6,6,5,5,4,5,4,5
"R_1HjekMYTDSMDzP1","8/10/2020 18:36","8/10/2020 18:45","IP Address","42.111.161.89",100,511,"True","8/10/2020 18:45",13.08599854,80.27508545,"anonymous","EN",35,"South Asian","","Male",4,6,5,6,5,6,4,4,5,5,5,5,4,6,6,6,6,6,6,7,7,7,7,7,4,4,4,4,4,3,6,6,6,6,6,6,7,7,7,8,6,7,6,3,6,4,5,5,6,7,7,6,6,6,6,5,5,5,5,4
"R_yO3IFxBd9iuqgM1","8/10/2020 14:07","8/10/2020 14:11","IP Address","47.196.110.241",100,206,"True","8/10/2020 14:11",27.90319824,-82.29109955,"anonymous","EN",33,"White","","Male",9,9,10,9,8,9,3,4,1,3,4,3,6,5,3,8,3,6,9,8,7,6,4,7,3,5,6,5,9,5,8,7,8,6,7,8,9,9,8,9,8,9,9,9,7,10,9,9,9,9,9,9,8,9,9,9,9,7,9,7
"R_10x6NuYcnOpHVp9","8/10/2020 21:14","8/10/2020 21:23","IP Address","47.29.206.234",100,540,"True","8/10/2020 21:23",26.18330383,91.74539185,"anonymous","EN",41,"South Asian","","Male",5,4,6,4,4,4,3,3,4,4,3,3,4,4,5,4,4,5,5,4,5,6,3,4,5,6,6,6,5,6,5,6,6,6,6,6,6,7,7,8,6,6,6,8,8,8,7,7,6,6,7,6,6,4,5,5,5,5,5,4
"R_12Mw5nCK7SzKyUJ","8/10/2020 18:14","8/10/2020 18:20","IP Address","47.39.188.126",100,342,"True","8/10/2020 18:20",34.03889465,-84.38259888,"anonymous","EN",60,"White","","Female",7,7,7,7,7,7,6,6,6,7,7,6,6,6,6,4,6,4,8,8,8,8,8,8,7,8,8,8,8,8,7,7,7,8,7,8,7,7,8,7,9,8,7,7,7,7,7,7,6,7,7,7,7,7,8,7,8,8,8,7
"R_2xFuiM1Z6HjgxqU","8/10/2020 18:49","8/10/2020 18:54","IP Address","47.5.77.115",100,329,"True","8/10/2020 18:54",41.42469788,-105.4781036,"anonymous","EN",40,"East Asian","","Male",3,2,3,3,3,3,3,3,2,3,3,2,3,3,2,2,4,2,5,5,5,5,4,5,2,4,4,3,2,3,3,5,5,5,5,3,7,6,6,6,6,6,7,7,8,8,8,7,8,4,8,8,8,8,5,5,5,5,5,5
"R_1GBymoHArZmjWAP","8/10/2020 18:58","8/10/2020 19:04","IP Address","49.204.128.189",100,319,"True","8/10/2020 19:04",11.00750732,76.96710205,"anonymous","EN",39,"South Asian","","Female",4,4,4,4,4,4,6,6,5,6,6,6,4,4,4,4,4,4,5,5,6,5,5,5,6,6,6,6,5,6,6,6,6,6,6,6,4,6,4,6,7,6,6,6,7,6,6,7,7,7,7,7,7,7,3,3,3,3,3,3
"R_POPzUZuivMzBtdf","8/10/2020 19:18","8/10/2020 19:25","IP Address","49.205.154.148",100,385,"True","8/10/2020 19:25",11.00750732,76.96710205,"anonymous","EN",37,"South Asian","","Male",4,5,5,4,5,5,4,4,4,4,4,4,4,4,4,4,4,4,6,6,6,6,6,6,6,6,6,6,6,6,5,5,5,5,5,5,6,6,6,6,6,6,4,6,6,5,5,6,5,5,6,5,5,5,5,5,5,5,5,5
"R_zZPXh4rXHw7iA37","8/10/2020 13:48","8/10/2020 13:53","IP Address","49.206.124.34",100,352,"True","8/10/2020 13:53",13.08599854,80.27508545,"anonymous","EN",31,"South Asian","","Male",6,4,3,4,4,4,2,0,0,0,0,0,2,2,7,2,2,2,2,4,3,3,3,3,4,3,2,3,2,2,3,3,3,3,2,2,8,8,7,7,7,8,4,4,6,4,4,4,5,5,5,5,5,5,4,4,4,4,4,4
"R_1rogdfRVn90YA4Z","8/10/2020 14:15","8/10/2020 14:21","IP Address","49.206.35.239",100,318,"True","8/10/2020 14:21",17.38459778,78.45739746,"anonymous","EN",41,"","","Male",6,6,6,6,6,6,3,4,4,4,4,6,6,5,4,6,6,6,6,7,7,7,6,6,4,3,4,4,4,1,6,6,6,6,6,6,6,6,6,6,6,6,6,6,6,7,6,7,6,7,6,6,7,6,6,6,6,6,6,6
"R_2urItoFcfhGMu4E","8/10/2020 13:50","8/10/2020 14:12","IP Address","49.37.200.149",100,1281,"True","8/10/2020 14:12",12.97210693,77.59329224,"anonymous","EN",32,"South Asian","","Male",3,6,8,6,8,4,7,6,10,7,6,8,7,8,7,8,7,6,7,7,9,10,6,10,9,2,6,7,8,7,8,6,4,9,8,4,10,7,8,9,10,10,8,7,10,10,8,10,7,10,10,7,7,10,9,7,10,7,8,9
"R_2OITofPUvheRnFd","8/10/2020 17:53","8/10/2020 17:58","IP Address","50.83.153.216",100,333,"True","8/10/2020 17:58",39.479599,-88.37550354,"anonymous","EN",41,"Other","black hispanic","Male",5,6,5,5,5,5,0,0,0,0,0,0,4,5,5,5,5,5,0,0,0,0,0,0,0,0,0,2,0,0,0,0,0,0,0,0,5,6,6,6,6,6,7,6,6,6,7,7,5,6,5,5,7,6,0,0,0,0,0,0
"R_Ab2NrSukHqfSePv","8/10/2020 14:51","8/10/2020 15:04","IP Address","51.37.56.127",100,789,"True","8/10/2020 15:04",53.20280457,-6.098297119,"anonymous","EN",34,"White","","Male",6,6,6,6,6,6,4,3,3,4,3,4,6,3,5,5,4,4,3,3,3,5,4,5,3,4,4,4,4,4,3,3,4,3,3,3,7,8,8,7,8,7,5,5,6,6,6,5,5,5,6,5,5,5,3,4,4,4,3,4
"R_3h5cnPh1HYbsQRi","8/10/2020 18:14","8/10/2020 18:21","IP Address","59.92.30.17",100,414,"True","8/10/2020 18:21",11.65379333,78.15539551,"anonymous","EN",39,"South Asian","","Male",6,3,3,4,7,4,9,8,9,9,9,8,8,8,8,7,8,8,8,7,7,8,7,8,8,7,8,7,8,7,8,9,9,7,8,7,7,6,6,8,9,7,6,6,7,6,6,7,9,6,10,9,8,7,6,6,6,6,6,6
"R_1OlSh3HlzH5vv33","8/10/2020 23:16","8/10/2020 23:24","IP Address","59.92.30.203",100,432,"True","8/10/2020 23:24",11.65379333,78.15539551,"anonymous","EN",42,"South Asian","","Male",4,3,1,4,4,3,6,6,6,7,7,7,3,6,6,6,7,6,7,6,7,6,6,8,7,6,6,8,6,6,7,6,7,7,6,7,7,7,7,7,7,7,4,5,4,6,5,4,8,7,8,9,8,5,6,6,5,8,5,6
"R_1IM0Nol0aKgvc3q","8/10/2020 13:54","8/10/2020 13:58","IP Address","65.114.124.139",100,251,"True","8/10/2020 13:58",36.60890198,-88.30310059,"anonymous","EN",38,"White","","Male",4,6,6,6,7,7,2,2,4,3,4,4,4,6,6,6,6,6,3,4,6,5,5,6,3,6,4,4,5,2,4,5,3,4,5,3,6,8,9,8,8,8,6,6,6,6,6,7,5,7,7,7,8,8,5,4,6,5,5,6
"R_3sB8UhFkkd3YidO","8/10/2020 19:05","8/10/2020 19:17","IP Address","65.185.101.21",100,707,"True","8/10/2020 19:17",41.44810486,-82.0177002,"anonymous","EN",40,"White","","Male",7,7,8,7,7,6,3,3,3,3,3,4,2,3,1,4,7,7,6,6,5,4,4,3,4,5,5,5,5,5,3,8,4,3,4,4,9,7,6,5,7,5,8,4,8,7,8,7,7,9,8,7,8,7,7,4,4,4,4,7
"R_10TWsRwqmthdqaK","8/10/2020 14:50","8/10/2020 14:55","IP Address","66.222.54.93",100,286,"True","8/10/2020 14:55",42.76319885,-88.19740295,"anonymous","EN",40,"White","","Female",7,6,6,6,6,7,4,4,4,4,4,4,5,5,6,5,6,5,5,7,6,6,6,6,3,3,4,3,3,3,3,6,3,3,3,3,6,6,6,6,7,7,7,8,7,8,7,8,6,6,8,8,6,6,7,7,7,7,7,7
"R_1d4xw6gcsdt0dks","8/10/2020 20:36","8/10/2020 20:44","IP Address","67.183.235.220",100,484,"True","8/10/2020 20:44",47.90049744,-122.2472,"anonymous","EN",47,"White","","Female",2,1,1,1,1,1,2,3,2,3,2,3,2,4,3,3,6,4,3,5,5,6,7,5,4,4,3,3,3,3,4,5,5,4,5,3,5,6,8,8,8,8,5,6,8,6,6,6,7,6,7,7,7,6,5,7,7,4,7,5
"R_1jB5aJrhvF7xdtH","8/10/2020 15:54","8/10/2020 15:59","IP Address","67.188.112.154",100,312,"True","8/10/2020 15:59",37.38589478,-122.0881958,"anonymous","EN",27,"White","","Female",4,5,3,5,5,5,1,1,2,2,2,3,3,3,2,3,4,4,6,6,7,7,6,7,6,5,6,5,4,4,4,5,6,6,5,4,6,8,8,8,8,8,6,4,7,6,4,4,8,7,7,6,8,8,5,6,7,7,8,7
"R_3PQP2mTUlIJJJN9","8/10/2020 13:48","8/10/2020 13:52","IP Address","67.244.48.61",100,187,"True","8/10/2020 13:52",43.6842041,-70.28160095,"anonymous","EN",27,"White","","Female",4,4,4,4,4,4,2,3,2,2,3,2,4,4,3,4,3,4,9,9,9,9,9,9,4,6,3,4,3,3,6,7,7,7,6,7,6,6,5,7,6,5,7,7,7,7,7,6,6,6,7,6,6,6,5,7,4,5,6,5
"R_2UXBsTCKjf4Y2Dy","8/10/2020 14:39","8/10/2020 14:46","IP Address","67.245.214.21",100,401,"True","8/10/2020 14:46",41.72180176,-74.41410065,"anonymous","EN",43,"White","","Male",7,8,10,7,7,8,5,5,7,5,5,5,6,5,7,7,5,6,8,9,8,9,9,10,7,7,7,7,8,7,7,7,7,8,7,7,10,10,10,10,10,10,6,9,9,8,6,8,7,8,8,8,9,8,9,7,8,8,7,7
"R_1CqLfnMEw0kwIgk","8/10/2020 14:02","8/10/2020 14:08","IP Address","67.249.189.129",100,371,"True","8/10/2020 14:08",43.03070068,-74.98760223,"anonymous","EN",64,"White","","Male",2,3,2,2,3,2,7,4,6,5,4,6,2,1,2,1,2,2,10,10,10,10,10,10,7,8,7,7,7,7,6,7,7,7,7,6,8,7,7,8,8,8,8,9,9,8,8,8,8,8,8,8,8,8,9,8,9,9,8,9
"R_1PSjlD8pR3W8XdP","8/10/2020 16:44","8/10/2020 16:50","IP Address","67.82.3.6",100,323,"True","8/10/2020 16:50",40.64689636,-73.93440247,"anonymous","EN",32,"White","","Male",7,6,4,6,7,7,2,2,2,2,2,2,2,3,2,2,3,3,7,6,7,7,6,6,6,6,6,6,6,6,6,6,6,6,6,6,8,8,8,8,8,8,8,8,8,8,8,8,7,7,8,8,8,8,7,7,7,7,7,7
"R_UFvKBCFmZNVr9Tz","8/11/2020 4:37","8/11/2020 4:41","IP Address","68.14.30.35",100,240,"True","8/11/2020 4:41",41.96090698,-72.79570007,"anonymous","EN",40,"White","","Male",5,5,5,4,4,5,1,1,2,1,1,1,1,2,2,1,2,1,5,6,5,5,5,6,4,4,4,5,5,4,3,3,3,4,3,3,9,10,9,10,9,10,9,9,9,10,10,9,6,7,6,7,6,7,4,5,4,4,5,4
"R_28TbIRtxhyOxzK8","8/10/2020 14:52","8/10/2020 14:59","IP Address","68.196.71.190",100,450,"True","8/10/2020 14:59",40.6598053,-73.63710022,"anonymous","EN",37,"White","","Female",6,7,7,7,7,7,6,6,6,6,6,6,5,4,4,4,4,5,7,7,7,7,7,7,5,6,6,6,5,6,6,6,6,6,6,7,7,7,6,7,7,7,6,6,7,7,6,7,7,4,7,7,6,6,8,8,8,8,8,8
"R_3PzCgUc8b5onLvh","8/10/2020 14:02","8/10/2020 14:05","IP Address","68.55.94.91",100,216,"True","8/10/2020 14:05",42.65629578,-83.12310028,"anonymous","EN",33,"White","","Male",7,7,7,7,7,8,3,2,3,3,3,3,3,3,3,3,3,3,5,5,6,5,3,5,4,4,4,4,4,4,5,5,5,5,5,5,7,7,8,8,8,7,4,4,6,5,5,5,6,7,6,7,7,6,4,4,4,4,4,4
"R_33x3663fj7SShpM","8/10/2020 13:48","8/10/2020 13:52","IP Address","68.64.118.38",100,283,"True","8/10/2020 13:52",37.37939453,-82.95230103,"anonymous","EN",30,"White","","Male",5,4,5,5,4,4,2,1,2,2,2,2,2,1,2,1,1,1,6,5,5,4,4,4,2,2,3,3,3,3,3,3,4,3,3,3,7,5,6,5,6,7,3,4,4,4,4,4,5,5,6,6,6,5,4,4,4,3,3,3
"R_3p6kkNoDFc4WcbV","8/10/2020 14:28","8/10/2020 14:32","IP Address","68.96.169.162",100,225,"True","8/10/2020 14:32",36.24729919,-115.2820969,"anonymous","EN",33,"White","","Male",6,6,6,6,6,6,0,0,0,0,0,0,4,4,4,3,4,3,0,0,0,0,0,0,0,0,0,0,0,0,0,0,0,0,0,0,8,8,8,8,8,8,7,8,8,8,7,7,7,7,7,8,7,6,0,0,0,0,0,0
"R_3fZ4BBSibRGBK9R","8/10/2020 14:11","8/10/2020 14:17","IP Address","69.124.192.119",100,333,"True","8/10/2020 14:17",41.09159851,-74.37190247,"anonymous","EN",49,"White","","Male",5,5,5,5,5,5,4,5,4,4,5,4,4,4,4,4,4,5,6,6,7,6,5,6,6,7,5,6,6,5,6,5,5,5,6,5,8,8,8,8,8,8,5,6,7,7,6,5,6,6,7,7,7,6,4,4,5,4,4,4
"R_YaAvz0ZyLTNtTvb","8/10/2020 14:03","8/10/2020 14:06","IP Address","69.216.102.103",100,191,"True","8/10/2020 14:06",37.70449829,-122.0742035,"anonymous","EN",32,"East Asian","","Male",4,4,4,4,5,4,2,3,2,3,2,2,3,2,2,2,2,3,5,6,5,5,4,6,2,4,3,3,3,3,4,4,6,4,4,4,5,4,5,5,4,5,3,7,7,7,7,7,4,4,4,4,4,4,4,4,4,4,4,4
"R_1M5QU4WoRSu12AU","8/10/2020 17:30","8/10/2020 17:40","IP Address","70.118.246.32",100,644,"True","8/10/2020 17:40",39.03529358,-94.46360016,"anonymous","EN",47,"Black","","Male",6,6,6,6,7,7,2,2,1,2,2,3,2,3,2,2,2,2,7,7,7,7,7,7,6,5,4,5,5,5,3,4,4,4,4,4,7,8,9,8,8,8,6,7,7,7,7,6,7,6,6,7,7,6,6,7,7,6,6,6
"R_2OH0fYTUv0fncae","8/10/2020 16:21","8/10/2020 16:25","IP Address","70.190.31.134",100,214,"True","8/10/2020 16:25",33.27270508,-111.8277969,"anonymous","EN",28,"White","","Male",4,4,4,3,4,4,3,3,3,3,3,3,3,3,3,3,3,3,3,3,3,4,3,3,4,5,4,4,4,4,2,2,3,2,3,3,6,7,7,7,7,7,3,4,4,4,4,4,4,3,4,4,4,4,3,3,2,2,2,2
"R_2xCS11p7LB6dtU6","8/10/2020 14:00","8/10/2020 14:07","IP Address","70.44.129.143",100,389,"True","8/10/2020 14:07",40.17500305,-76.18170166,"anonymous","EN",49,"White","","Male",5,6,6,6,6,6,3,4,4,4,4,5,2,4,3,2,4,3,7,6,6,6,6,7,7,7,7,8,8,7,5,6,6,6,6,6,7,7,7,7,7,7,5,6,6,5,5,5,7,8,8,8,8,7,4,4,4,3,4,4
"R_3ozpYNF43fUNfwF","8/10/2020 13:49","8/10/2020 13:56","IP Address","70.92.101.12",100,416,"True","8/10/2020 13:56",37.82499695,-87.56549835,"anonymous","EN",59,"White","","Female",5,6,5,5,5,6,2,2,2,1,2,2,4,3,4,4,4,4,3,4,4,4,4,4,4,5,4,5,7,3,5,6,5,5,6,6,7,6,7,7,8,7,8,7,8,8,8,8,6,6,6,6,7,6,3,3,3,2,4,3
"R_12x8TisSAGH32hA","8/10/2020 13:57","8/10/2020 14:02","IP Address","71.196.41.108",100,324,"True","8/10/2020 14:02",26.01620483,-80.19550323,"anonymous","EN",28,"Black","","Male",3,3,3,4,3,4,0,0,0,0,0,0,0,0,0,0,0,0,2,2,1,1,2,2,0,0,0,0,0,0,2,2,0,0,1,1,5,5,5,5,5,5,0,3,3,3,3,2,5,4,5,5,5,4,3,3,3,3,3,3
"R_cBbidRiQiOavZHH","8/10/2020 18:15","8/10/2020 18:20","IP Address","71.202.98.199",100,291,"True","8/10/2020 18:20",37.5625,-122.0003967,"anonymous","EN",29,"East Asian","","Male",5,5,5,5,5,5,4,4,4,4,4,4,5,5,5,5,5,5,4,4,4,4,4,4,4,4,4,4,4,4,4,4,4,4,4,4,5,5,5,5,5,5,6,6,7,7,6,6,6,5,6,5,6,4,4,4,4,4,4,4
"R_12JxDqZPu64tr35","8/10/2020 19:21","8/10/2020 19:27","IP Address","71.28.235.220",100,311,"True","8/10/2020 19:27",37.88679504,-84.5667038,"anonymous","EN",44,"White","","Male",6,6,6,6,6,6,4,4,4,4,4,4,2,2,2,2,3,2,2,4,4,6,4,4,6,7,5,4,5,3,5,5,5,5,5,5,7,7,7,7,7,7,7,7,7,6,7,6,6,6,6,6,6,6,4,4,4,4,4,4
"R_3L85TPHJRv6K0Cq","8/10/2020 17:30","8/10/2020 17:41","IP Address","71.33.223.177",100,624,"True","8/10/2020 17:41",39.78610229,-104.8295975,"anonymous","EN",53,"White,Black","","Female",4,6,6,6,6,6,1,1,1,1,1,1,2,2,2,2,2,2,6,6,6,7,6,7,2,5,5,6,5,1,1,4,4,4,4,1,7,7,7,8,8,7,7,9,8,9,8,8,6,6,6,6,6,4,1,1,1,1,1,1
"R_RXNFJhQdVG3JuI9","8/10/2020 18:57","8/10/2020 19:01","IP Address","71.57.103.50",100,249,"True","8/10/2020 19:01",41.59100342,-88.04840088,"anonymous","EN",33,"White","","Male",6,6,6,6,6,6,4,3,5,4,5,4,4,4,4,4,4,4,6,7,7,7,8,8,5,5,5,5,5,4,6,4,6,4,5,4,10,9,9,9,10,10,7,8,7,7,7,7,6,8,6,8,7,8,7,5,4,4,4,4
"R_1QixyKdnMFX3N33","8/10/2020 14:29","8/10/2020 14:33","IP Address","71.61.214.11",100,215,"True","8/10/2020 14:33",40.3052063,-79.54180145,"anonymous","EN",35,"White","","Male",4,4,4,4,4,4,2,4,5,4,4,5,2,3,3,3,2,2,7,7,8,7,4,5,5,6,4,5,5,9,4,6,5,7,5,4,7,10,10,7,6,6,6,6,10,8,8,8,9,8,9,7,9,5,6,6,4,5,4,6
"R_32QsxDWYqLafQCg","8/10/2020 19:23","8/10/2020 19:35","IP Address","71.71.190.45",100,748,"True","8/10/2020 19:35",35.31350708,-81.55989838,"anonymous","EN",42,"White","","Male",6,6,6,4,5,5,4,4,4,4,4,4,4,4,4,4,4,4,8,7,8,7,6,8,4,4,4,4,4,4,6,6,7,7,7,6,8,8,8,8,7,8,7,7,7,7,6,7,7,7,7,7,7,7,6,5,6,5,5,6
"R_2YXIxYOPquasu8y","8/10/2020 14:44","8/10/2020 14:48","IP Address","72.177.11.14",100,237,"True","8/10/2020 14:48",30.37730408,-97.70999908,"anonymous","EN",30,"White","","Male",4,4,4,4,4,4,3,3,3,3,3,3,2,4,3,2,2,2,8,8,8,8,8,8,6,7,5,5,5,5,4,5,5,5,5,5,7,7,7,7,7,6,4,6,6,6,6,6,8,7,6,7,7,7,7,7,7,7,7,7
"R_9z7Fm9WiW2n4Ygh","8/10/2020 13:52","8/10/2020 14:11","IP Address","72.182.197.198",100,1126,"True","8/10/2020 14:11",32.84890747,-96.96669769,"anonymous","EN",49,"Black","","Female",6,6,6,6,6,6,5,5,5,5,5,5,4,4,4,4,4,4,7,7,7,6,7,7,6,6,6,6,6,6,5,5,5,5,5,5,6,6,6,6,6,6,6,7,7,7,7,7,6,6,6,6,6,6,6,6,6,6,6,6
"R_2EGhKOe7TtjcP2k","8/10/2020 13:50","8/10/2020 13:54","IP Address","72.192.21.111",100,233,"True","8/10/2020 13:54",41.76890564,-71.47579956,"anonymous","EN",42,"White","","Male",6,6,6,6,6,6,4,4,4,4,4,4,6,6,6,6,6,6,5,5,5,5,5,5,3,4,4,4,4,4,4,4,4,4,3,4,7,7,7,8,7,7,6,7,8,8,7,7,6,6,6,6,6,6,5,5,5,5,5,5
"R_3qDSikI7nyfoaWt","8/10/2020 14:04","8/10/2020 14:08","IP Address","72.202.60.11",100,223,"True","8/10/2020 14:08",36.01040649,-115.2072983,"anonymous","EN",31,"White","","Male",5,7,7,6,8,7,4,4,3,3,4,4,4,4,4,4,4,5,4,6,6,5,6,6,4,5,4,5,5,5,5,5,5,5,5,5,6,6,6,6,6,6,4,6,7,7,7,6,4,6,7,7,7,6,5,4,4,4,3,4
"R_1eWZzvaJg8GwqgG","8/10/2020 18:52","8/10/2020 18:56","IP Address","72.68.27.29",100,251,"True","8/10/2020 18:56",40.84620667,-74.70559692,"anonymous","EN",39,"White","","Male",4,3,3,2,3,3,2,2,2,2,2,3,2,2,2,1,1,1,7,8,7,7,6,7,2,4,3,4,3,3,2,3,3,3,3,3,7,7,8,8,8,8,7,7,5,6,6,7,7,5,5,5,5,5,6,6,6,6,6,6
"R_3gZBQ7EEeam9ovT","8/10/2020 17:02","8/10/2020 17:06","IP Address","73.105.11.186",100,285,"True","8/10/2020 17:06",30.11720276,-81.41190338,"anonymous","EN",55,"White","","Female",6,6,6,6,6,5,2,2,2,2,2,2,4,4,4,4,4,4,6,6,5,5,5,6,4,3,2,3,3,3,4,4,6,6,4,4,8,7,8,8,6,8,5,5,6,7,5,6,6,7,6,6,6,6,3,3,2,3,2,3
"R_24w0cksuSLeo7Fz","8/10/2020 18:30","8/10/2020 18:34","IP Address","73.119.242.192",100,265,"True","8/10/2020 18:34",43.01100159,-71.45709991,"anonymous","EN",37,"White","","Female",3,2,1,2,2,2,1,3,3,2,2,3,2,1,1,1,1,1,5,4,5,6,4,4,3,4,3,3,2,1,2,3,2,2,2,2,6,2,2,6,3,3,3,5,5,5,5,4,4,4,3,6,3,5,4,5,4,4,3,5
"R_bIYB0mVZrrXVvtD","8/10/2020 18:17","8/10/2020 18:29","IP Address","73.149.134.147",100,704,"True","8/10/2020 18:29",43.36560059,-72.34420013,"anonymous","EN",38,"White","","Male",7,6,6,7,5,8,2,2,2,2,1,2,5,2,4,1,4,4,6,6,7,4,6,6,3,6,4,4,4,4,5,5,5,7,5,4,8,7,7,6,7,8,8,7,8,9,8,7,8,8,8,7,7,7,5,7,6,6,4,6
"R_29mpOkYTPLYwdN5","8/10/2020 16:54","8/10/2020 17:02","IP Address","73.189.103.206",100,493,"True","8/10/2020 17:02",37.55169678,-122.3300018,"anonymous","EN",43,"East Asian","","Male",6,6,6,6,6,6,0,0,0,0,0,0,6,6,6,6,6,6,0,0,0,0,0,0,0,0,0,0,0,0,0,0,0,0,0,0,6,8,6,8,8,8,6,6,8,8,6,8,8,8,8,8,8,8,0,0,0,0,0,0
"R_qUdJJ3GMdJCx8T7","8/10/2020 14:12","8/10/2020 14:24","IP Address","73.198.13.141",100,728,"True","8/10/2020 14:24",39.47219849,-74.45659637,"anonymous","EN",29,"White","","Male",6,6,6,6,6,6,2,2,4,2,3,3,4,3,3,4,3,3,6,7,7,7,7,7,3,2,2,4,4,3,4,6,5,6,6,5,7,6,6,6,6,6,4,6,6,5,6,5,7,7,8,8,6,8,5,6,5,2,5,5
"R_1eEQ05NBIcXxhbB","8/10/2020 18:40","8/10/2020 18:44","IP Address","73.227.222.115",100,248,"True","8/10/2020 18:44",41.27760315,-72.81150055,"anonymous","EN",34,"White","","Male",5,4,4,2,4,5,2,1,2,1,2,1,1,1,1,1,1,1,4,6,6,6,5,6,5,4,5,5,5,5,5,4,5,4,4,5,8,8,8,8,7,8,5,6,6,6,5,5,4,4,5,6,7,4,4,5,5,5,4,4
"R_2WZhEUAHDPsuVnp","8/10/2020 14:09","8/10/2020 14:15","IP Address","73.236.40.189",100,337,"True","8/10/2020 14:15",41.02659607,-80.34980011,"anonymous","EN",61,"White","","Male",7,7,8,7,7,7,6,6,7,7,6,7,6,4,6,5,6,5,7,7,8,7,7,7,7,6,7,7,7,7,6,7,7,6,7,6,8,8,8,8,8,8,7,8,8,8,8,7,7,7,8,7,7,7,6,7,6,6,7,7
"R_1MSCZ4LENUweMGE","8/10/2020 14:36","8/10/2020 14:42","IP Address","73.240.82.174",100,394,"True","8/10/2020 14:42",44.62789917,-123.0592041,"anonymous","EN",34,"White","","Male",7,6,7,7,7,7,2,3,3,3,4,4,3,2,2,2,2,2,7,7,6,7,4,6,5,5,5,4,5,4,4,5,5,5,5,4,7,6,6,6,7,7,5,5,5,6,5,5,7,6,6,7,8,7,5,7,6,6,6,5
"R_8jGPBkNPHF3fSYV","8/10/2020 18:25","8/10/2020 18:31","IP Address","73.249.19.200",100,312,"True","8/10/2020 18:31",44.97149658,-72.69049835,"anonymous","EN",47,"White","","Male",6,6,7,6,7,7,4,4,4,4,4,4,5,4,4,4,4,4,5,7,7,7,7,7,3,4,3,3,3,3,5,5,5,5,5,5,7,8,8,7,8,7,6,6,6,6,6,5,6,7,7,7,6,7,6,6,5,5,6,5
"R_3rP6hDsKPQWeeyO","8/10/2020 18:21","8/10/2020 18:27","IP Address","73.26.185.245",100,314,"True","8/10/2020 18:27",32.28790283,-106.7591019,"anonymous","EN",57,"White","","Female",6,6,8,7,7,8,4,4,4,4,4,4,4,3,4,4,4,5,8,8,7,8,8,9,5,5,7,6,5,4,5,5,5,6,6,6,7,7,6,7,7,7,8,6,8,7,8,6,8,6,7,7,7,6,4,4,4,3,4,5
"R_1GvOUNWZpUPeJsi","8/10/2020 14:10","8/10/2020 14:19","IP Address","73.33.74.127",100,512,"True","8/10/2020 14:19",40.75819397,-74.99140167,"anonymous","EN",38,"East Asian","","Male",5,6,5,6,8,5,5,4,3,4,5,5,4,4,4,3,4,3,6,4,5,4,6,6,3,5,6,3,6,1,7,7,5,4,6,3,8,7,7,7,6,7,6,8,8,8,8,8,6,7,6,6,7,7,3,3,4,3,6,4
"R_3RshD5thEC1mANJ","8/10/2020 13:54","8/10/2020 13:59","IP Address","73.63.5.150",100,281,"True","8/10/2020 13:59",40.75,-111.9208984,"anonymous","EN",49,"White","","Male",5,6,5,6,5,6,5,5,4,4,5,5,3,4,3,4,4,4,5,6,6,6,5,6,6,6,7,5,6,6,6,5,5,5,5,5,5,6,6,7,6,6,8,7,8,6,6,7,6,5,6,6,6,6,7,6,5,5,6,6
"R_cGCapeIXEkAyKLD","8/10/2020 14:05","8/10/2020 14:12","IP Address","73.7.222.101",100,446,"True","8/10/2020 14:12",33.93429565,-84.60759735,"anonymous","EN",34,"Black","","Female",0,0,1,0,1,0,0,0,0,0,0,0,0,0,0,0,0,0,1,2,2,2,2,2,0,0,0,0,0,0,1,1,1,1,1,1,5,1,1,6,1,1,6,6,6,6,6,6,1,1,1,1,1,1,5,5,5,5,5,5
"R_1dv4ayPK5Y2vbCF","8/10/2020 18:18","8/10/2020 18:23","IP Address","73.75.151.140",100,310,"True","8/10/2020 18:23",41.70880127,-85.97599792,"anonymous","EN",55,"White","","Male",8,8,8,6,8,8,3,3,4,4,4,4,7,8,6,8,7,8,7,6,6,6,6,6,4,6,4,7,6,4,8,6,7,7,7,6,7,9,9,8,8,8,7,8,8,8,8,8,7,6,7,7,7,6,6,4,6,4,6,4
"R_vUn8n7PiPEJ7aVz","8/10/2020 14:18","8/10/2020 14:25","IP Address","73.9.138.157",100,401,"True","8/10/2020 14:25",41.80949402,-87.65219879,"anonymous","EN",34,"White","","Male",5,5,6,6,6,7,2,3,4,3,4,3,2,2,3,3,3,3,6,6,6,6,6,6,5,5,5,5,5,5,5,4,6,5,5,6,6,5,7,7,7,6,5,6,6,6,5,5,6,4,7,7,6,5,4,4,3,4,4,5
"R_zTMIQgtyWks6hzz","8/10/2020 18:30","8/10/2020 18:46","IP Address","74.129.225.123",100,970,"True","8/10/2020 18:46",38.1842041,-85.83750153,"anonymous","EN",40,"Black","","Female",3,4,3,4,4,5,2,3,4,3,3,3,3,3,3,2,3,3,3,4,4,5,4,4,2,3,3,2,2,2,3,4,4,4,4,2,3,4,4,4,4,4,3,5,5,5,5,5,4,4,3,3,3,4,3,4,4,3,4,3
"R_1dAdcSHKHeD7YQs","8/10/2020 20:33","8/10/2020 20:39","IP Address","74.134.238.26",100,358,"True","8/10/2020 20:39",38.30479431,-85.58650208,"anonymous","EN",55,"White","","Male",7,7,7,7,7,7,3,3,3,3,3,3,3,3,3,3,3,3,8,8,8,8,8,8,7,7,7,7,7,7,7,6,6,6,6,6,8,8,8,8,8,8,8,8,8,8,8,8,7,7,7,7,7,7,6,6,6,6,6,6
"R_2Tvq6MXiC4eZtoA","8/10/2020 18:25","8/10/2020 18:46","IP Address","74.79.209.255",100,1249,"True","8/10/2020 18:46",42.92849731,-76.55909729,"anonymous","EN",48,"White","","Female",3,4,4,4,4,4,3,3,4,3,3,3,3,3,3,3,3,3,6,7,7,7,7,7,4,4,4,4,4,3,5,5,5,5,6,5,6,6,7,6,6,7,5,6,6,6,6,6,5,7,6,6,6,6,4,4,4,4,4,4
"R_1hRWLQ5JQ574pm5","8/10/2020 20:24","8/10/2020 20:27","IP Address","75.110.108.8",100,212,"True","8/10/2020 20:27",35.99040222,-77.84680176,"anonymous","EN",36,"White","","Female",5,5,5,5,5,5,4,4,4,4,4,4,4,4,4,4,4,4,7,7,7,7,7,7,5,5,5,5,5,5,5,5,5,5,5,5,7,7,7,7,7,7,7,7,7,7,7,7,7,7,7,7,7,7,5,5,5,5,5,5
"R_2rO8wzHW44pZ2v1","8/10/2020 19:46","8/10/2020 19:53","IP Address","75.129.91.51",100,397,"True","8/10/2020 19:53",43.60769653,-83.94979858,"anonymous","EN",35,"White","","Female",7,5,7,5,5,5,5,5,3,4,5,3,5,5,5,5,5,5,5,6,7,7,7,1,7,7,7,5,7,7,6,5,5,5,5,6,8,8,8,8,8,8,6,8,8,5,7,8,7,7,5,7,7,7,1,1,1,1,1,1
"R_3EheCvEC6S1WDuB","8/10/2020 19:42","8/10/2020 19:48","IP Address","75.135.204.101",100,332,"True","8/10/2020 19:48",40.71279907,-99.07830048,"anonymous","EN",40,"White","","Male",5,5,5,5,5,5,2,2,2,2,2,2,2,3,3,3,3,3,7,7,7,7,7,7,6,6,6,6,6,6,4,3,3,3,3,3,6,6,6,6,6,6,8,8,8,8,8,8,7,7,7,7,7,7,3,3,3,3,3,3
"R_3Krni2MalMZ4sP9","8/10/2020 13:49","8/10/2020 13:55","IP Address","75.166.251.7",100,372,"True","8/10/2020 13:55",39.84199524,-105.1100998,"anonymous","EN",50,"White","","Male",6,6,6,6,6,6,4,4,4,4,4,4,5,5,5,5,5,5,7,7,7,7,7,7,6,7,6,6,6,6,6,6,6,7,6,6,9,9,9,9,9,9,7,7,7,7,7,7,7,7,7,7,7,7,7,7,7,7,7,7
"R_33EA1DBobc9mlKY","8/10/2020 22:06","8/10/2020 22:12","IP Address","75.188.10.119",100,357,"True","8/10/2020 22:12",40.07319641,-82.40170288,"anonymous","EN",31,"White","","Male",6,6,10,9,8,8,2,4,5,5,5,5,4,3,4,3,4,3,7,7,9,8,7,6,5,4,5,5,7,5,8,9,7,5,7,3,6,7,9,7,9,6,5,4,7,6,6,5,7,4,7,7,9,5,8,8,8,6,8,6
"R_zUS3PkQPOpj359T","8/10/2020 13:56","8/10/2020 14:03","IP Address","75.190.204.157",100,393,"True","8/10/2020 14:03",35.40100098,-80.8687973,"anonymous","EN",55,"White","","Female",4,4,5,5,7,4,2,4,5,4,4,5,4,3,3,3,3,4,7,7,7,7,7,7,6,7,7,7,6,6,5,5,5,5,5,5,9,8,8,8,8,8,7,8,9,8,8,8,7,8,8,8,9,8,6,6,5,5,5,5
"R_3kcBeWpIZiobTYT","8/10/2020 14:06","8/10/2020 14:11","IP Address","75.65.120.116",100,327,"True","8/10/2020 14:11",32.44009399,-88.67829895,"anonymous","EN",45,"White","","Female",4,4,4,4,4,4,4,4,4,4,4,4,3,3,3,3,3,3,4,4,4,4,4,4,4,4,4,4,4,4,5,5,5,5,5,5,5,5,5,4,5,4,5,5,5,5,5,5,4,4,5,5,5,4,5,5,5,5,4,5
"R_2TTVc85I7CrrDt7","8/10/2020 14:16","8/10/2020 14:22","IP Address","75.70.44.41",100,396,"True","8/10/2020 14:22",39.86799622,-104.9719009,"anonymous","EN",59,"White","","Male",6,6,6,6,6,6,4,4,5,5,5,4,4,4,4,4,4,4,6,7,6,6,6,6,5,6,6,6,6,5,5,6,6,6,6,6,7,8,9,8,7,8,6,8,8,7,7,7,6,6,7,7,7,6,4,4,4,4,4,4
"R_3HHMFGepKX134hu","8/10/2020 18:19","8/10/2020 18:24","IP Address","75.71.58.204",100,296,"True","8/10/2020 18:24",39.82940674,-104.9095001,"anonymous","EN",56,"White","","Female",5,5,6,5,5,6,4,4,4,4,4,4,4,4,4,4,4,4,8,8,7,8,8,8,6,6,6,6,6,6,6,6,6,6,6,6,8,8,8,8,8,8,5,7,5,6,5,5,6,6,6,6,6,6,5,5,5,5,5,5
"R_1roVcWGZZGgkSmP","8/11/2020 4:38","8/11/2020 4:48","IP Address","75.76.112.24",100,620,"True","8/11/2020 4:48",27.78889465,-82.71920013,"anonymous","EN",33,"White","","Male",6,6,9,9,7,8,6,6,6,6,6,6,5,4,6,6,6,4,4,5,4,4,4,5,7,5,8,6,5,5,6,6,6,6,6,6,9,10,9,9,9,10,9,9,10,9,10,8,9,9,9,10,9,10,4,4,4,4,4,4
"R_3Vmnbd1OccnHZbX","8/10/2020 18:16","8/10/2020 18:21","IP Address","75.85.186.22",100,333,"True","8/10/2020 18:21",32.95109558,-117.2240982,"anonymous","EN",59,"White","","Female",5,5,4,4,5,4,0,1,2,1,1,2,1,2,2,1,2,2,6,8,9,9,6,8,4,5,5,5,5,4,5,6,7,7,6,6,8,9,9,8,7,7,5,5,5,5,5,5,4,4,6,6,6,4,2,4,4,4,4,4
"R_24v0xQYjcx9l42x","8/10/2020 13:48","8/10/2020 13:55","IP Address","76.122.2.54",100,416,"True","8/10/2020 13:55",30.16099548,-81.73110199,"anonymous","EN",46,"White","","Female",6,5,4,3,7,5,2,2,2,1,0,2,1,0,0,0,0,0,5,3,5,6,3,7,1,1,0,2,0,0,5,4,4,4,6,4,5,4,5,6,5,5,5,2,6,6,4,5,4,3,3,5,6,3,3,5,4,4,5,4
"R_3I47yOxUSl5jWIU","8/10/2020 14:32","8/10/2020 14:41","IP Address","76.16.221.130",100,539,"True","8/10/2020 14:41",42.21679688,-88.24449921,"anonymous","EN",33,"East Asian","","Male",2,1,3,2,1,1,2,1,2,1,1,1,1,1,0,0,0,0,3,6,6,4,2,5,3,3,4,2,3,3,4,5,5,4,5,3,8,7,7,7,8,8,6,7,7,7,6,5,7,7,7,7,7,7,4,4,5,3,5,5
"R_DjVJJZl1d9wqG41","8/10/2020 14:32","8/10/2020 14:36","IP Address","76.185.187.47",100,256,"True","8/10/2020 14:36",29.42469788,-98.46209717,"anonymous","EN",40,"Other","mixed","Male",2,4,2,2,4,4,1,1,1,1,1,1,4,4,2,0,2,2,2,2,1,2,2,2,3,3,1,2,2,1,1,0,1,2,1,1,8,6,7,6,4,4,5,6,7,6,7,7,8,7,8,7,8,8,1,2,1,2,1,1
"R_1fZZ2ziteMoHA5M","8/10/2020 18:52","8/10/2020 18:57","IP Address","76.187.65.25",100,305,"True","8/10/2020 18:57",33.1493988,-96.82800293,"anonymous","EN",35,"White","","Male",5,5,7,6,3,5,3,5,5,3,4,4,3,4,3,3,4,4,7,7,8,7,7,6,6,7,6,6,6,4,5,6,6,6,6,5,7,8,8,8,8,8,6,7,7,7,6,6,3,6,7,6,6,4,6,6,6,6,5,5
"R_2yjvwiEEgyDQDd6","8/10/2020 19:38","8/10/2020 19:42","IP Address","76.227.12.50",100,230,"True","8/10/2020 19:42",42.11239624,-87.97899628,"anonymous","EN",41,"White","","Female",2,5,6,5,5,3,1,1,1,1,1,1,1,1,3,1,2,1,1,4,3,3,3,3,4,5,5,5,5,5,1,1,1,1,1,1,9,8,9,9,8,9,4,5,7,5,5,6,3,4,5,5,5,1,1,1,3,1,2,3
"R_2A1qS9WUWXj5AZA","8/10/2020 14:36","8/10/2020 14:42","IP Address","76.77.45.140",100,377,"True","8/10/2020 14:42",37.54789734,-79.71230316,"anonymous","EN",28,"White","","Female",4,4,3,4,3,2,3,3,3,2,3,3,2,2,3,2,3,3,4,5,5,3,5,3,3,4,3,3,3,2,4,4,4,3,3,4,6,5,8,5,6,5,4,5,6,6,5,6,4,4,7,6,6,6,6,5,4,3,5,4
"R_2tJ2PZKVzqjx5v5","8/10/2020 19:28","8/10/2020 19:38","IP Address","76.91.179.34",100,572,"True","8/10/2020 19:38",34.03129578,-118.3124008,"anonymous","EN",36,"Black","","Male",4,6,4,7,6,6,1,3,1,1,1,1,3,3,3,2,2,2,5,6,6,6,6,8,0,0,1,5,0,0,1,9,0,0,1,0,7,7,7,7,7,7,3,7,6,6,6,6,4,8,7,9,7,7,1,2,1,2,2,2
"R_wUlwGlxayE9A6yJ","8/10/2020 13:56","8/10/2020 14:04","IP Address","76.93.168.189",100,468,"True","8/10/2020 14:04",33.09240723,-117.2624054,"anonymous","EN",43,"White","","Male",2,4,5,4,5,4,3,4,5,4,4,4,2,3,2,3,2,3,6,6,7,6,6,6,4,6,7,7,5,6,3,6,5,4,6,4,5,6,6,7,7,8,4,7,8,8,6,6,4,4,7,7,7,6,4,6,6,4,5,6
"R_11amFUoiksh16nu","8/10/2020 16:01","8/10/2020 16:08","IP Address","96.230.107.186",100,442,"True","8/10/2020 16:08",42.15060425,-71.42680359,"anonymous","EN",43,"White","","Female",4,6,5,6,6,7,3,4,6,4,4,5,4,3,3,4,3,3,7,7,8,7,7,7,4,6,6,5,5,3,6,8,7,8,6,7,9,10,9,9,9,9,7,7,8,8,7,8,5,6,7,6,7,8,6,6,6,6,6,7
"R_sG1ZZSrrQbs7CSt","8/10/2020 19:07","8/10/2020 19:12","IP Address","96.235.33.51",100,323,"True","8/10/2020 19:12",40.4322052,-80.10209656,"anonymous","EN",32,"White","","Male",7,6,6,5,5,7,3,3,3,4,3,3,4,4,4,4,4,4,3,3,3,3,4,3,3,3,3,3,3,3,3,3,3,3,3,3,7,8,8,8,8,8,7,7,7,7,7,7,7,7,8,8,7,8,3,3,4,3,3,3
"R_324pJu6kbMwpkVO","8/10/2020 14:58","8/10/2020 15:02","IP Address","96.32.30.254",100,239,"True","8/10/2020 15:02",41.9803009,-71.83760071,"anonymous","EN",30,"White","","Female",6,6,6,6,6,6,5,5,5,5,5,5,5,5,5,4,4,5,5,6,6,6,5,7,5,5,5,5,5,5,5,5,5,5,5,5,6,6,6,6,6,6,6,7,7,7,7,7,6,6,6,6,6,6,5,5,5,5,5,5
"R_1H2I9rGD9ucQGT4","8/10/2020 19:12","8/10/2020 19:20","IP Address","96.59.131.140",100,498,"True","8/10/2020 19:20",28.06840515,-82.75930023,"anonymous","EN",44,"White","","Male",8,8,8,8,7,8,4,4,4,4,4,4,4,4,4,4,4,4,7,7,7,7,7,5,7,6,7,7,7,6,7,7,7,8,7,7,8,8,8,8,8,8,8,8,8,8,8,7,8,8,8,8,8,8,6,6,7,7,6,6
"R_2YnfamkoRlYU8rv","8/10/2020 15:34","8/10/2020 15:44","IP Address","96.60.79.87",100,610,"True","8/10/2020 15:44",46.5131073,-122.4788971,"anonymous","EN",66,"White","","Female",3,5,3,3,3,5,3,3,3,3,3,3,3,3,3,3,3,3,9,8,9,9,9,8,8,8,7,8,8,8,8,8,8,8,8,8,8,8,8,8,8,8,5,6,7,6,7,6,8,7,7,7,8,7,3,3,5,4,3,4
"R_2zkG3JYR55ll45F","8/10/2020 18:22","8/10/2020 18:29","IP Address","96.66.19.209",100,405,"True","8/10/2020 18:29",42.43269348,-83.03959656,"anonymous","EN",34,"White","","Male",4,4,6,4,6,6,3,3,4,3,2,3,2,4,4,2,2,2,6,5,6,5,5,6,5,3,4,4,4,3,5,5,5,6,6,5,7,7,8,8,8,6,7,8,7,7,8,6,5,6,5,6,7,7,4,5,6,5,7,4
"R_22GkvLsSlMWNgc1","8/10/2020 13:47","8/10/2020 13:56","IP Address","97.84.226.92",100,524,"True","8/10/2020 13:56",43.17720032,-85.24729919,"anonymous","EN",41,"White","","Male",5,5,5,5,5,6,2,2,2,2,2,2,4,4,4,3,4,4,5,4,4,4,4,4,3,3,3,3,3,3,3,3,3,3,3,3,6,6,6,6,6,6,5,5,6,5,5,5,7,7,7,6,7,7,5,5,5,5,5,5
"R_bDgUfDnjdWcFvwZ","8/10/2020 23:37","8/10/2020 23:41","IP Address","97.93.32.220",100,261,"True","8/10/2020 23:41",34.09150696,-118.1306992,"anonymous","EN",31,"East Asian","","Female",5,5,5,5,5,5,4,4,4,4,4,4,4,5,4,4,4,4,7,5,6,7,7,7,5,5,5,5,5,5,5,5,5,5,5,4,6,6,6,6,6,6,5,6,7,6,6,6,7,6,7,7,7,7,4,4,4,4,4,4
"R_3JDcH5NS4aiGm70","8/10/2020 23:16","8/10/2020 23:23","IP Address","98.1.58.124",100,445,"True","8/10/2020 23:23",43.16119385,-78.69460297,"anonymous","EN",25,"White,East Asian,South Asian","","Male",6,7,6,6,6,7,2,2,2,2,2,2,4,4,4,4,4,4,7,7,8,7,7,7,2,3,2,2,3,2,6,7,7,6,6,6,7,7,7,7,7,7,7,7,8,7,7,8,7,7,7,7,7,6,5,5,4,4,4,4
"R_DGCi4ws5U7Efydr","8/10/2020 16:08","8/10/2020 16:13","IP Address","98.148.74.247",100,299,"True","8/10/2020 16:13",33.91679382,-118.3432007,"anonymous","EN",31,"White","","Male",4,4,4,4,4,4,0,0,0,0,0,0,5,6,5,6,5,6,0,0,0,0,0,0,0,0,0,0,0,0,0,0,0,0,0,0,7,7,7,7,6,7,7,7,7,7,7,7,7,7,7,7,7,6,0,0,0,0,0,0
"R_2bVImqO4lyRcW2l","8/10/2020 21:19","8/10/2020 21:24","IP Address","98.178.209.164",100,299,"True","8/10/2020 21:24",30.03179932,-89.97119904,"anonymous","EN",42,"Black","","Male",6,7,7,7,7,7,3,3,3,3,3,3,3,3,2,3,2,3,5,5,5,5,5,5,3,3,3,3,2,3,4,4,4,4,4,4,7,8,8,8,8,8,6,6,6,6,6,6,6,6,8,6,6,6,3,4,3,4,4,3
"R_1r1eIPxqWSw3UZ2","8/10/2020 15:52","8/10/2020 15:57","IP Address","98.182.133.39",100,284,"True","8/10/2020 15:57",36.19619751,-115.263298,"anonymous","EN",41,"White","","Male",3,3,3,3,3,4,2,3,3,2,2,3,5,5,5,5,5,5,7,7,7,7,7,7,5,5,5,5,5,5,4,4,4,4,3,5,4,4,4,4,4,4,7,7,6,8,7,7,3,3,4,3,3,3,0,0,0,0,0,0
"R_0e8UrXnmFdVaxNL","8/10/2020 14:27","8/10/2020 14:32","IP Address","98.204.255.222",100,266,"True","8/10/2020 14:32",39.62489319,-75.83509827,"anonymous","EN",30,"White","","Male",2,3,4,4,2,8,2,0,1,1,1,1,3,2,3,2,2,2,4,3,4,4,4,6,3,2,3,2,2,2,6,6,6,8,7,7,7,7,7,7,7,7,8,8,8,8,8,8,6,7,7,6,6,6,6,6,7,7,6,7
"R_1Q9HAguILffeSFh","8/10/2020 14:16","8/10/2020 14:20","IP Address","98.235.69.98",100,192,"True","8/10/2020 14:20",41.27229309,-75.88870239,"anonymous","EN",40,"White","","Male",7,8,7,8,8,8,4,6,7,7,6,7,5,4,4,4,4,4,8,7,8,7,8,8,7,7,7,7,7,8,7,7,7,7,7,7,9,9,9,9,8,9,8,9,9,9,9,9,8,8,7,7,7,8,5,5,5,5,5,4
"R_Q5GGz7YSR4MSMeZ","8/10/2020 19:41","8/10/2020 19:46","IP Address","98.25.184.142",100,296,"True","8/10/2020 19:46",36.14300537,-80.30729675,"anonymous","EN",38,"White","","Male",6,4,5,6,6,6,2,1,2,2,1,2,2,3,2,3,3,2,6,6,6,6,6,5,5,5,4,5,4,3,4,4,4,4,4,4,7,6,7,5,6,6,6,6,8,7,7,7,5,6,7,6,6,6,3,3,3,3,3,2
"R_1IEiZqijYOFZyht","8/10/2020 15:40","8/10/2020 15:47","IP Address","98.4.185.112",100,399,"True","8/10/2020 15:47",43.18060303,-77.59480286,"anonymous","EN",61,"White","","Female",6,6,6,6,6,6,5,5,5,5,5,5,6,3,3,3,3,3,4,5,5,5,4,4,4,5,4,4,5,4,4,5,5,5,6,5,4,4,4,4,4,4,3,3,3,3,3,3,6,6,6,6,6,6,4,4,4,4,4,4
"R_110zurrslwmrzfM","8/10/2020 14:10","8/10/2020 14:16","IP Address","99.13.250.13",100,329,"True","8/10/2020 14:16",29.02470398,-80.95839691,"anonymous","EN",69,"White","","Female",6,8,8,8,8,8,5,5,5,5,5,5,3,3,3,3,3,3,8,8,8,8,8,8,6,6,6,6,6,6,6,6,6,6,6,6,7,7,7,7,7,7,6,4,4,4,4,6,6,7,7,8,7,7,4,5,4,6,5,5
"R_rf3cIuq9VJBZA5z","8/10/2020 14:06","8/10/2020 14:10","IP Address","99.135.155.171",100,254,"True","8/10/2020 14:10",41.88470459,-88.30280304,"anonymous","EN",38,"White","","Male",4,6,6,5,4,5,2,3,5,4,4,6,3,3,2,1,2,3,4,4,4,4,3,4,5,4,6,4,4,2,5,4,5,3,4,3,8,8,8,7,8,7,6,6,7,6,6,6,4,7,6,7,6,6,3,3,5,3,3,4
"R_1f2goydWNt0CGSb","8/10/2020 14:06","8/10/2020 14:13","IP Address","99.157.102.220",100,393,"True","8/10/2020 14:13",34.10780334,-84.50260162,"anonymous","EN",30,"White","","Female",6,6,5,6,6,7,2,5,5,4,3,5,3,2,3,3,3,3,2,6,7,7,4,7,4,5,2,4,3,4,4,5,5,6,6,4,6,8,7,8,8,7,4,5,7,6,5,8,4,6,6,6,6,6,5,5,4,4,5,4
"R_2wThdrqqENYn7yN","8/10/2020 15:41","8/10/2020 15:45","IP Address","99.203.203.125",100,241,"True","8/10/2020 15:45",39.21510315,-76.7539978,"anonymous","EN",58,"White","","Female",4,4,6,4,4,4,3,2,3,3,3,2,3,2,4,3,3,5,7,7,4,6,6,4,5,6,4,5,5,3,5,4,4,4,5,3,6,6,7,7,7,7,6,5,6,4,6,5,6,5,5,5,6,4,4,4,5,5,3,4
"R_djwo7No4WUKyAvf","8/10/2020 19:13","8/10/2020 19:20","IP Address","99.203.44.254",100,392,"True","8/10/2020 19:20",47.60620117,-122.3320999,"anonymous","EN",54,"White","","Female",0,2,0,1,1,1,4,5,5,6,4,7,0,1,1,1,1,1,7,8,8,8,8,8,9,8,8,8,8,8,6,7,6,7,7,6,9,9,9,9,9,10,4,5,4,4,4,4,5,6,6,6,6,6,5,2,4,2,1,3
"R_3spDQtrfuHgFf8T","8/10/2020 15:07","8/10/2020 15:13","IP Address","99.40.167.164",100,352,"True","8/10/2020 15:13",28.90249634,-81.2480011,"anonymous","EN",49,"White","","Male",6,5,5,5,5,5,2,2,2,2,2,2,2,2,2,1,2,2,7,7,7,7,7,7,2,3,3,3,2,2,3,3,3,3,3,3,7,6,6,6,7,7,5,5,6,6,6,7,7,7,7,7,7,7,4,3,2,3,3,3
"R_2tKm3D8aaLgnMlT","8/10/2020 19:07","8/10/2020 19:12","IP Address","99.99.57.52",100,316,"True","8/10/2020 19:12",34.13609314,-118.1671982,"anonymous","EN",30,"White","","Female",7,8,7,7,8,8,2,2,2,2,3,2,3,3,3,3,2,2,7,6,7,6,7,7,3,3,5,3,3,3,4,3,3,4,4,3,8,8,8,8,8,8,6,6,6,6,6,4,7,6,6,6,6,6,4,4,4,4,4,3
